Event Time,Position,Event Type(s),Time (hrs),Distance (nm),SOG (kts),Perf. Speed (kts),wxF (kts),cuF (kts),Good wx day (y/n),Course (°),Log Speed (kts),Int.Speed Next 24 Hrs (kts),Distance Through Water (nm),Distance To Go (nm),BROB - VLSHFO (mt),BROB - VLSMGO (mt),BROB - ULSHFO (mt),BROB - ULSMGO (mt),BROB - ULSLFO (mt),BROB - VLSLFO (mt),BROB - HSHFO (mt),Fuel Debunkered - HSHFO (mt),Sounding Correction - HSHFO (mt),ME Cons - VLSHFO (mt),AE Cons - VLSHFO (mt),AE Cons - VLSLFO (mt),AE Cons - VLSMDO (mt),AE Cons - VLSMGO (mt),Boiler Cons - VLSHFO (mt),Boiler Heat Cons - VLSHFO,Boiler Clean Cons - VLSHFO,ME Cons - ULSHFO (mt),ME Cons - ULSMGO (mt),AE Cons - ULSHFO (mt),AE Cons - ULSMGO (mt),Boiler Cons - ULSHFO (mt),Boiler Cons - ULSMGO (mt),Boiler Heat Cons - ULSHFO,Boiler Heat Cons - ULSMGO,Boiler Clean Cons - ULSHFO,Boiler Clean Cons - ULSMGO,ME Cons Since BOSP - VLSHFO (mt),ME Cons Since BOSP - ULSHFO (mt),ME Cons Since BOSP - ULSMGO (mt),AE Cons Since BOSP - VLSHFO (mt),AE Cons Since BOSP - ULSHFO (mt),AE Cons Since BOSP - ULSMGO (mt),Boiler Clean Cons Since BOSP - VLSHFO (mt),Boiler Clean Cons Since BOSP - ULSHFO (mt),Boiler Clean Cons Since BOSP - ULSMGO (mt),Boiler Cons Since BOSP - VLSHFO (mt),Boiler Cons Since BOSP - ULSHFO (mt),Boiler Cons Since BOSP - ULSMGO (mt),Other Cons Since BOSP - ULSHFO (mt),Other Cons Since BOSP - ULSMGO (mt),Total Fuel Cons for Maneuvering Between EOSP to BOSP to be Entered - VLSHFO (mt),Total Fuel Cons for Maneuvering Between EOSP to BOSP to be Entered - ULSHFO (mt),Total Fuel Cons for Maneuvering Between EOSP to BOSP to be Entered - ULSMGO (mt),Boiler Inert Cons - VLSHFO,Boiler Inert Cons - ULSHFO,Boiler Inert Cons - ULSMGO,Boiler Inert Cons Since BOSP - VLSHFO (mt),Boiler Inert Cons Since BOSP - ULSHFO (mt),Boiler Inert Cons Since BOSP - ULSMGO (mt),Incinerator - VLSLFO,Incinerator - ULSHFO,Incinerator - ULSMGO,Inert Gas Generators Cons - ULSHFO,Inert Gas Generators Cons - ULSMGO,Other Cons - VLSHFO,ME Cons - VLSLFO (mt),ME Cons - VLSMDO (mt),ME Cons - VLSMGO (mt),ME Cons - ULSLFO (mt),AE Cons - ULSLFO (mt),Boiler Cons - VLSLFO (mt),Boiler Clean Cons - VLSLFO,Other Cons - VLSLFO,ME Cons Since BOSP - VLSLFO (mt),AE Cons Since BOSP - VLSLFO (mt),Boiler Clean Cons Since BOSP - VLSLFO (mt),Other Cons Since BOSP - VLSLFO (mt),Loading Cons - VLSLFO,Discharge Cons - VLSLFO,Boiler Inert Cons - VLSLFO,ME Cons - HSHFO (mt),AE Cons - HSHFO (mt),Boiler Cons - HSHFO (mt),Boiler Heat Cons - HSHFO,Other Cons - HSHFO,Boiler Clean Cons Since BOSP - HSHFO (mt),Total Fuel Cons for Maneuvering Between EOSP to BOSP to be Entered - HSHFO (mt),Boiler Inert Cons - HSHFO,Incinerator - HSHFO,Boiler Heat Cons - VLSLFO,ME Cylinder Oil Cons (L),Avg Prop. RPM (rpm),ME Power (kW),SFOC (g/kWh),ME Hours (hrs),Aux Engine Hours 1 (hrs),Aux Engine Hours 2 (hrs),Aux Engine Hours 3 (hrs),Aux Energy Produced 1 (kWh),Aux Energy Produced 2 (kWh),Aux Energy Produced 3 (kWh),Aux Engine 1 Power (kW),Aux Engine 2 Power (kW),Aux Engine 3 Power (kW),Boiler Hours (hrs),Boiler 1 Hours (hrs),Boiler 2 Hours (hrs),Fore Draft (m),Aft Draft (m),Mean Draft (m),Cargo Weight (mt),Trim (m),Draft Type,Load,Displacement (mt),Ordered Speed (kts),Cargo Heating Hours (hrs),Ordered ME Consumption (mt/24 hrs),Next Port UN/Locode,Previous Port UN/Locode,Next Port ETA (hrs),Next Port Time Offset from UTC (hrs),Wind Direction,Wind Beaufort,Swell Direction,Swell Height (m),Current Direction,Current Speed (kts),Seas Height (m),Sea Surface Temp. (°C),Air Temp. (°C),Barometric Pressure (mBars),Swell Wave Period (s),Sea Direction,AtmosPress
Overall,,,2200.02,12080,5.49,10.63,-0.28,-0.02,,,,,12470.40,,,,,,,,,,,781.4,138.7,,,,178.6,91.8,,,444.0,,168.6,,319.5,,63.7,,50.7,,,,,,,,,,,,,,,,,,,,,,,,,,,,,,,,,,,,,,,,,,,,,,,,,,,,,,,10835.0,83.57,6782,179.9,971.14,1922.52,719.79,4.00,,,,499.9,487.1,500.0,981.80,973.80,24.00,9.22,10.03,9.63,29370.1,0.82,,,57338.4,12.54,,,,,,,,,,,,,0.6,23.2,23.8,,,,
Good Wx.,,,1027.88,10528,10.24,10.52,-0.28,0.01,,,,,10914.00,,,,,,,,,,,744.6,92.1,,,,103.5,79.5,,,351.7,,42.5,,55.4,,0.4,,34.9,,,,,,,,,,,,,,,,,,,,,,,,,,,,,,,,,,,,,,,,,,,,,,,,,,,,,,,9132.9,88.29,7479,179.4,816.58,846.40,294.66,,,,,500.0,500.1,,299.86,299.86,,9.37,10.08,9.73,30941.6,0.71,,,57866.4,12.42,,,,,,,,,,,,,0.7,24.4,25.2,,,,
Bad Wx.,,,46.70,570,12.22,13.09,-0.25,-0.62,,,,,598.60,,,,,,,,,,,23.2,2.4,,,,10.0,10.0,,,35.7,,3.9,,3.6,,,,3.1,,,,,,,,,,,,,,,,,,,,,,,,,,,,,,,,,,,,,,,,,,,,,,,,,,,,,,,515.0,86.55,6699,187.8,46.70,46.70,4.70,,,,,500.0,500.0,,22.70,22.70,,10.10,10.30,10.20,39554.3,0.20,,,61699.3,12.64,,,,,,,,,,,,,0.4,24.4,25.2,,,,
2026-01-01 11:00,38° 18' N / 007° 15' E,Noon At Sea,11.02,132,11.98,11.67,-0.13,0.44,Y,76.0,,12.0,136.50,111.60,427.3,,,409.7,,,,,,,,,,,,,,,12.1,,1.2,,,,,,,,,,,,,,,,,,,,,,,,,,,,,,,,,,,,,,,,,,,,,,,,,,,,,,,,,,,,,112.0,82.00,5754,190.8,11.02,11.02,,,5510.0,,,500.0,,,,,,13.70,13.70,13.70,64978.8,0.00,,L,83570.0,10.50,,,ITPFX,BRAJU,2026-01-01 22:00,1,W,3,W,0.3,N,0.40,0.3,18.0,16.0,1025.0,8.00,,1025
2026-01-01 19:30,SARROCH,End Of Sea Passage,8.50,101,11.92,12.04,-0.09,-0.03,Y,,,,105.10,,427.3,,,400.4,,,,,,,,,,,,,,,8.4,,0.9,,,,,,,,,,,,,,,,,,,,,,,,,,,,,,,,,,,,,,,,,,,,,,,,,,,,,,,,,,,,,85.0,84.60,5754,171.8,8.50,8.50,,,4250.0,,,500.0,,,,,,13.70,13.70,13.70,64978.8,0.00,,L,83570.0,10.50,,,,BRAJU,2026-01-01 22:00,,W,3,W,0.3,N,0.30,0.3,18.0,16.0,1024.0,8.00,,1024
2026-01-01 21:06,39° 05' N / 009° 05' E,Drop Anchor,1.60,7,,,,,,,,,8.50,,427.3,,,399.3,,,,,,,,,,,,,,,0.5,,0.3,,0.3,,,,,,,,,,,,,,,,,,,,,,,,,,,,,,,,,,,,,,,,,,,,,,,,,,,,,,,,,,,7.0,49.40,1980,157.8,1.60,1.60,,1.60,800.0,,800.0,500.0,,500.0,1.00,1.00,,13.70,13.70,13.70,64978.8,0.00,,L,83570.0,10.50,,,ITPFX,,2026-01-01 22:00,1,W,3,N,0.0,N,0.20,0.2,17.0,18.0,1023.0,0.00,,1023
2026-01-02 11:00,39° 05' N / 009° 05' E,Noon Maneuvering,13.90,0,,,,,,,,,,2.70,886.9,,,592.5,,,,,,,,,,,,,,,,,1.5,,1.9,,0.4,,,,,,,,,,,,,,,,,,,,,,,,,,,,,,,,,,,,,,,,,,,,,,,,,,,,,,,,,,,,,,13.90,,,6950.0,,,500.0,,,2.00,2.00,,13.70,13.70,13.70,64978.8,0.00,,L,83570.0,10.50,,,ITPFX,,2026-01-02 14:00,1,W,3,N,0.0,N,0.30,0.2,17.0,17.0,1025.0,0.00,,1025
2026-01-02 12:06,39° 05' N / 009° 05' E,Heave Anchor,1.10,0,,,,,,270.0,,4.0,,2.70,886.9,,,592.2,,,,,,,,,,,,,,,,,0.1,,0.2,,0.1,,,,,,,,,,,,,,,,,,,,,,,,,,,,,,,,,,,,,,,,,,,,,,,,,,,,,,,,,,,,,,1.10,,,550.0,,,500.0,,,1.10,1.10,,13.70,13.70,13.70,64978.8,0.00,,L,83570.0,10.50,,,ITPFX,,2026-01-02 14:00,1,,,,,,,,,,,,,
2026-01-02 14:30,SARROCH,Arrival,2.40,3,1.12,,,,,,,,2.80,,886.9,,,590.4,,,,,,,,,,,,,,,0.2,,0.5,,1.1,,0.8,,,,,,,,,,,,,,,,,,,,,,,,,,,,,,,,,,,,,,,,,,,,,,,,,,,,,,,,,3.0,39.80,1220,163.9,1.00,2.40,,2.40,1200.0,,1200.0,500.0,,500.0,2.40,2.40,,13.70,13.70,13.70,64978.8,0.00,,L,83570.0,10.50,,,,,2026-01-02 14:00,,,,,,,,,,,,,,
2026-01-03 11:00,SARROCH,Noon In Port,20.50,,,,,,,,,,,,886.9,,,566.6,,,,,,,,,,,,,,,,,4.1,,19.7,,7.9,,,,,,,,,,,,,,,,,,,,,,,,,,,,,,,,,,,,,,,,,,,,,,,,,,,,,,,,,,,,,,20.50,20.50,,10250.0,10250.0,,500.0,500.0,,20.50,20.50,,,,,,,,,,,,,,,,,W,3,N,0.0,N,0.20,0.2,17.0,17.0,1023.0,0.00,,1023
2026-01-04 11:00,SARROCH,Noon In Port,24.00,,,,,,,,,,,,886.9,,,534.6,,,,,,,,,,,,,,,,,5.4,,26.6,,8.0,,,,,,,,,,,,,,,,,,,,,,,,,,,,,,,,,,,,,,,,,,,,,,,,,,,,,,,,,,,,,,24.00,24.00,,12000.0,12000.0,,500.0,500.0,,24.00,16.00,24.00,,,,,,,,,,,,,,,,W,2,N,0.0,N,0.20,0.2,17.0,16.0,1022.0,0.00,,1022
2026-01-04 20:42,SARROCH,Departure,9.70,,,,,,,45.0,,12.0,,403.00,886.9,,,528.4,,,,,,,,,,,,,,,,,1.5,,4.7,,0.8,,,,,,,,,,,,,,,,,,,,,,,,,,,,,,,,,,,,,,,,,,,,,,,,,,,,,,,,,,,,,,9.70,9.70,,4850.0,2910.0,,500.0,300.0,,6.00,6.00,,6.10,8.10,7.10,0.0,2.00,,,41350.0,,,,FRFOS,,2026-01-08 19:00,1,,,,,,,,,,,,,
2026-01-04 21:30,SARROCH,Begin Of Sea Passage,0.80,7,9.00,,,,,45.0,,12.0,7.50,399.00,886.9,,,527.5,,,,,,,,,,,,,,,0.5,,0.2,,0.2,,,,,,,0.0,,,0.0,,,,,,0.0,,,,,,,,,,,,,,,,,,,,,,,,,,,,,,,,,,,,,,,,,,,6.0,71.20,3110,201.0,0.80,0.80,0.80,,400.0,400.0,,500.0,500.0,,0.80,0.80,,6.10,8.10,7.10,0.0,2.00,,B,41350.0,12.00,,,FRFOS,,2026-01-08 19:00,1,W,2,W,0.3,N,0.30,0.3,17.0,14.0,1017.0,9.00,,1017
2026-01-05 11:00,40° 26' N / 007° 38' E,Noon At Sea,13.50,165,12.20,12.80,-0.28,-0.32,Y,357.0,,12.0,177.10,224.50,886.9,,,508.4,,,,,,,,,,,,,,,14.0,,1.9,,3.2,,,,,,,14.0,,,1.9,,,,,,3.2,,,,,,,,,,,,,,,,,,,,,,,,,,,,,,,,,,,,,,,,,,,136.0,76.70,6082,170.5,13.50,13.50,,,6750.0,,,500.0,,,10.00,10.00,,6.10,8.10,7.10,0.0,2.00,,B,41350.0,12.00,,,FRFOS,ITPFX,2026-01-08 19:00,1,N,3,NW,1.0,N,0.20,0.5,18.0,15.0,1011.0,8.00,,1011
2026-01-05 17:00,41° 26' N / 007° 35' E,Begin Stoppage,6.00,60,10.05,10.12,-0.41,0.34,Y,,,,61.10,,886.9,,,497.0,,,,,,,,,,,,,,,5.0,,1.2,,5.2,,,,4.5,,,19.0,,,3.1,,,,,,8.4,,,,,,,,,,,,,,,,,,,,,,,,,,,,,,,,,,,,,,,,,,,52.0,70.20,5210,160.0,6.00,6.00,6.00,,3000.0,3000.0,,500.0,500.0,,6.00,6.00,,6.10,8.10,7.10,0.0,2.00,,B,41350.0,12.00,,,FRFOS,ITPFX,2026-01-08 19:00,1,N,5,NNE,1.5,N,0.30,1.0,17.0,15.0,1011.0,8.00,,1011
2026-01-06 11:00,41° 11' N / 007° 33' E,Noon At Stoppage,18.00,16,0.87,1.16,-0.02,-0.27,Y,,,,,175.80,886.9,,,480.1,,,,,,,,,,,,,,,,,3.3,,13.6,,,,6.0,,,,,,6.4,,,,,,22.0,,,,,,,,,,,,,,,,,,,,,,,,,,,,,,,,,,,,,,,,,,,,,,,,18.00,18.00,,9000.0,9000.0,,500.0,500.0,,18.00,18.00,,6.10,8.10,7.10,0.0,2.00,,B,41350.0,12.00,,,FRFOS,ITPFX,2026-01-07 19:00,1,N,5,NW,1.5,N,0.70,1.0,16.0,16.0,1013.0,8.00,,1013
2026-01-06 11:01,41° 11' N / 007° 33' E,End Stoppage,0.02,0,0.00,0.26,-0.39,0.13,,294.0,,12.0,0.10,175.80,886.9,,,480.1,,,,,,,,,,,,,,,0.0,,0.0,,0.0,,,,0.0,,,,,,6.4,,,,,,22.0,,,,,,,,,,,,,,,,,,,,,,,,,,,,,,,,,,,,,,,,,,,0.1,52.20,2340,128.2,0.02,0.02,0.02,,10.0,10.0,,500.0,500.0,,0.02,0.02,,6.10,8.10,7.10,0.0,2.00,,B,41350.0,12.00,,,FRFOS,ITPFX,2026-01-07 19:00,1,,,,,,,,,,,,,
2026-01-07 11:00,42° 47' N / 005° 44' E,Noon At Sea,23.98,147,6.13,6.35,-0.49,0.27,Y,294.0,,12.0,144.30,50.60,886.9,,,449.5,,,,,,,,,,,,,,,9.0,,5.1,,16.5,,,,14.0,,,,,,11.5,,,,,,38.5,,,,,,,,,,,,,,,,,,,,,,,,,,,,,,,,,,,,,,,,,,,143.9,52.20,2340,160.3,23.98,23.98,23.98,,11990.0,11990.0,,500.0,500.0,,23.98,23.98,,6.10,8.10,7.10,0.0,2.00,,B,41350.0,12.00,,,FRFOS,ITPFX,2026-01-07 17:00,1,NW,6,NW,2.5,N,0.40,2.0,15.0,7.0,1019.0,7.00,,1019
2026-01-07 15:42,FOS,End Of Sea Passage,4.70,41,8.79,9.25,-0.40,-0.06,N,,,,40.90,,886.9,,,441.1,,,,,,,,,,,,,,,3.7,,1.1,,3.6,,,,3.1,,,,,,12.6,,,,,,42.1,,,,,,,,,,,,,,,,,,,,,,,,,,,,,,,,,,,,,,,,,,,42.0,67.50,4520,174.2,4.70,4.70,4.70,,2350.0,2350.0,,500.0,500.0,,4.70,4.70,,6.10,8.10,7.10,0.0,2.00,,B,41350.0,12.00,,,,ITPFX,2026-01-07 17:00,,NW,6,NW,1.5,N,0.30,1.5,15.0,8.0,1019.0,8.00,,1019
2026-01-07 17:00,43° 21' N / 004° 56' E,Drop Anchor,1.30,10,,,,,,,,,9.60,,886.9,,,439.4,,,,,,,,,,,,,,,0.3,,0.3,,1.1,,,,0.9,,,,,,,,,,,,,,,,,,,,,,,,,,,,,,,,,,,,,,,,,,,,,,,,,,,,,,,7.0,45.40,1406,164.1,1.30,1.30,1.30,,650.0,650.0,,500.0,500.0,,1.30,1.30,,6.10,8.10,7.10,0.0,2.00,,B,41350.0,12.00,,,FRFOS,,2026-01-07 17:00,1,NW,4,NW,1.0,N,0.10,1.0,15.0,7.0,1019.0,8.00,,1019
2026-01-08 11:00,43° 21' N / 004° 56' E,Noon Maneuvering,18.00,0,,,,,,,,,,6.10,886.9,,,426.9,,,,,,,,,,,,,,,,,3.0,,9.5,,,,7.6,,,,,,,,,,,,,,,,,,,,,,,,,,,,,,,,,,,,,,,,,,,,,,,,,,,,,,,,,,,,18.00,18.00,,9000.0,9000.0,,500.0,500.0,,18.00,18.00,,6.10,8.10,7.10,0.0,2.00,,B,41350.0,12.00,,,FRFOS,,2026-01-10 21:00,1,NW,3,NW,0.3,N,0.10,0.3,13.0,10.0,1024.0,8.00,,1024
2026-01-09 11:00,43° 21' N / 004° 56' E,Noon Maneuvering,24.00,0,,,,,,,,,,6.10,886.9,,,420.6,,,,,,,,,,,,,,,,,2.7,,3.6,,,,,,,,,,,,,,,,,,,,,,,,,,,,,,,,,,,,,,,,,,,,,,,,,,,,,,,,,,,,,,,,24.00,,,12000.0,,,500.0,,,5.00,5.00,,6.10,8.10,7.10,0.0,2.00,,B,41350.0,12.00,,,FRFOS,,2026-01-10 21:00,1,NW,3,NW,0.3,N,0.10,0.0,14.0,12.0,1017.0,8.00,,1017
2026-01-10 11:00,43° 21' N / 004° 56' E,Noon Maneuvering,24.00,0,,,,,,,,,,6.10,886.9,,,413.7,,,,,,,,,,,,,,,,,3.0,,3.9,,,,,,,,,,,,,,,,,,,,,,,,,,,,,,,,,,,,,,,,,,,,,,,,,,,,,,,,,,,,,,,,24.00,,,12000.0,,,500.0,,,5.00,5.00,,6.10,8.10,7.10,0.0,2.00,,B,41350.0,12.00,,,FRFOS,,2026-01-10 21:00,1,NW,5,NW,0.5,N,0.20,0.5,13.0,13.0,1021.0,9.00,,1021
2026-01-10 18:00,43° 21' N / 004° 56' E,Heave Anchor,7.00,0,,,,,,10.0,,6.0,,6.10,886.9,,,411.9,,,,,,,,,,,,,,,,,0.8,,1.0,,,,,,,,,,,,,,,,,,,,,,,,,,,,,,,,,,,,,,,,,,,,,,,,,,,,,,,,,,,,,,,,7.00,,,3500.0,,,500.0,,,3.00,3.00,,6.10,8.10,7.10,0.0,2.00,,B,41350.0,12.00,,,FRFOS,,2026-01-10 18:00,1,,,,,,,,,,,,,
2026-01-10 20:00,FOS,Arrival,2.00,6,3.05,,,,,,,,6.50,,886.9,,,410.9,,,,,,,,,,,,,,,0.3,,0.3,,0.4,,,,,,,,,,,,,,,,,,,,,,,,,,,,,,,,,,,,,,,,,,,,,,,,,,,,,,,,,,,4.0,49.50,1160,194.4,1.33,2.00,2.00,,1000.0,800.0,,500.0,400.0,,2.00,2.00,,6.10,8.10,7.10,0.0,2.00,,B,41350.0,12.00,,,,,2026-01-10 18:00,,,,,,,,,,,,,,
2026-01-11 11:00,FOS,Noon In Port,15.00,,,,,,,,,,,,886.9,,,558.0,,,,,,,,,,,,,,,,,1.9,,2.0,,,,,,,,,,,,,,,,,,,,,,,,,,,,,,,,,,,,,,,,,,,,,,,,,,,,,,,,,,,,,,,,15.00,10.00,,7500.0,3000.0,,500.0,300.0,,12.00,12.00,,,,,,,,,,,,,,,,,NW,3,N,0.0,N,0.10,0.0,13.0,11.0,1017.0,0.00,,1017
2026-01-12 11:00,FOS,Noon In Port,24.00,,,,,,,,,,,,886.9,,,551.4,,,,,,,,,,,,,,,,,3.2,,3.4,,,,,,,,,,,,,,,,,,,,,,,,,,,,,,,,,,,,,,,,,,,,,,,,,,,,,,,,,,,,,,,,24.00,,,12000.0,,,500.0,,,24.00,24.00,,,,,,,,,,,,,,,,,NW,3,N,0.0,N,0.10,0.0,13.0,12.0,1017.0,0.00,,1017
2026-01-12 16:48,FOS,Departure,5.80,,,,,,,220.0,,14.0,,4156.00,886.9,,,550.1,,,,,,,,,,,,,,,,,0.5,,0.8,,,,,,,,,,,,,,,,,,,,,,,,,,,,,,,,,,,,,,,,,,,,,,,,,,,,,,,,,,,,,,,,5.80,,,2900.0,,,500.0,,,5.80,5.80,,10.50,10.50,10.50,41372.8,0.00,,,62420.0,14.00,,,PRGUY,,2026-01-24 16:00,-4,,,,,,,,,,,,,
2026-01-12 17:48,FOS,Begin Of Sea Passage,1.00,7,7.00,,,,,220.0,,14.0,7.30,4149.00,886.9,,,548.7,,,,,,,,,,,,,,,1.0,,0.2,,0.2,,,,,,,0.0,,,0.0,,,,,,,,,,,,,,,,,,,,,,,,,,,,,,,,,,,,,,,,,,,,,,,,,6.0,65.80,6124,163.3,1.00,1.00,1.00,,500.0,500.0,,500.0,500.0,,1.00,1.00,,10.50,10.50,10.50,41372.8,0.00,,L,62420.0,14.00,,,PRGUY,,2026-01-25 10:00,-4,NW,3,NW,0.4,N,0.20,0.3,13.0,9.0,1017.0,8.00,,1017
2026-01-13 11:00,40° 09' N / 001° 53' E,Noon At Sea,17.20,239,13.91,13.83,-0.28,0.36,Y,219.0,,14.0,245.40,3909.90,886.9,,,523.1,,,,,,,,,,,,,,,23.7,,1.9,,,,,,,,,23.7,,,1.9,,,,,,,,,,,,,,,,,,,,,,,,,,,,,,,,,,,,,,,,,,,,,,,,,195.0,91.90,8477,162.6,17.20,17.20,,,8600.0,,,500.0,,,,,,10.50,10.50,10.50,41372.8,0.00,,L,62420.0,12.00,,,PRGUY,FRFOS,2026-01-25 10:00,-4,S,5,S,0.5,N,0.50,0.3,15.0,17.0,1026.0,8.00,,1026
2026-01-14 12:00,36° 16' N / 003° 26' W,Noon At Sea,25.00,358,14.33,14.64,-0.10,-0.21,Y,270.0,,14.0,372.40,3548.70,886.9,,,483.7,,,,,,,,,,,,,,,36.6,,2.8,,,,,,,,,60.3,,,4.7,,,,,,,,,,,,,,,,,,,,,,,,,,,,,,,,,,,,,,,,,,,,,,,,,290.0,94.00,8834,165.7,25.00,25.00,,,12500.0,,,500.0,,,,,,10.50,10.50,10.50,41372.8,0.00,,L,62420.0,12.00,,,PRGUY,FRFOS,2026-01-25 10:00,-4,SW,3,W,0.3,N,0.30,0.3,17.0,17.0,1025.0,8.00,,1025
2026-01-14 21:03,35° 57' N / 005° 57' W,Begin Fuel Change Over,9.05,125,13.77,14.71,-0.09,-0.85,Y,,,,127.00,,886.9,,,469.3,,,,,,,,,,,,,,,13.3,,1.1,,,,,,,,,73.6,,,5.8,,,,,,,,,,,,,,,,,,,,,,,,,,,,,,,,,,,,,,,,,,,,,,,,,104.0,90.90,8482,173.3,9.05,9.05,1.13,,4525.0,565.0,,500.0,500.0,,,,,10.50,10.50,10.50,41372.8,0.00,,L,62420.0,12.00,,,PRGUY,FRFOS,2026-01-25 10:00,-4,,,,,,,,,,,,,
2026-01-14 22:42,35° 56' N / 006° 20' W,End Fuel Change Over,1.65,19,11.24,12.08,-0.55,-0.29,Y,,,,22.80,,886.0,,,468.3,,,,,,0.7,0.1,,,,0.1,,,,0.8,,0.1,,0.1,,,,,,,74.4,,,5.9,,,,,,,,,,,,,,,,,,,,,,,,,,,,,,,,,,,,,,,,,,,,,,,,,19.0,90.90,8482,107.2,1.65,1.65,0.21,,825.0,105.0,,500.0,500.0,,,,,10.50,10.50,10.50,41372.8,0.00,,L,62420.0,12.00,,,PRGUY,FRFOS,2026-01-25 10:00,-4,,,,,,,,,,,,,
2026-01-15 12:00,35° 09' N / 009° 53' W,Noon At Sea,13.30,180,13.57,14.44,-0.75,-0.12,Y,255.0,,14.0,190.60,3225.70,863.9,,,468.3,,,,,,20.6,1.5,,,,,,,,,,,,,,,,,,,,,,,,,,,,,,,,,,,,,,,,,,,,,,,,,,,,,,,,,,,,,,,,,,,,,,,153.0,90.90,8482,182.6,13.30,13.30,1.66,,6650.0,830.0,,500.0,500.0,,,,,10.50,10.50,10.50,41372.8,0.00,,L,62420.0,12.00,,,PRGUY,FRFOS,2026-01-25 10:00,-4,W,4,W,1.5,N,0.30,1.0,18.0,17.0,1026.0,6.00,,1026
2026-01-16 13:00,33° 39' N / 016° 37' W,Noon At Sea,25.00,344,13.78,15.18,-1.38,-0.02,Y,255.0,,14.0,360.00,2879.10,822.2,,,468.3,,,,,,38.9,2.8,,,,,,,,,,,,,,,,,,,,,,,,,,,,,,,,,,,,,,,,,,,,,,,,,,,,,,,,,,,,,,,,,,,,,,,289.0,93.90,8840,176.0,25.00,25.00,,,12500.0,,,500.0,,,,,,10.50,10.50,10.50,41372.8,0.00,,L,62420.0,12.00,,,PRGUY,FRFOS,2026-01-25 10:00,-4,NW,5,NW,2.0,N,0.30,1.5,18.0,20.0,1029.0,8.00,,1029
2026-01-17 13:00,32° 39' N / 023° 07' W,Noon At Sea,24.00,329,13.72,15.30,-1.70,0.12,Y,260.0,,14.0,342.00,2532.30,780.3,,,468.3,,,,,,39.1,2.8,,,,,,,,,,,,,,,,,,,,,,,,,,,,,,,,,,,,,,,,,,,,,,,,,,,,,,,,,,,,,,,,,,,,,,,279.0,94.40,8840,184.3,24.00,24.00,,,12000.0,,,500.0,,,,,,10.50,10.50,10.50,41372.8,0.00,,L,62420.0,12.00,,,PRGUY,FRFOS,2026-01-25 10:00,-4,NW,6,NW,2.5,N,0.40,1.5,20.0,20.0,1029.0,8.00,,1029
2026-01-18 13:00,31° 26' N / 029° 39' W,Noon At Sea,24.00,339,14.13,14.97,-0.80,-0.04,Y,255.0,,14.0,354.90,2193.10,739.9,,,468.3,,,,,,37.6,2.8,,,,,,,,,,,,,,,,,,,,,,,,,,,,,,,,,,,,,,,,,,,,,,,,,,,,,,,,,,,,,,,,,,,,,,,277.0,93.80,8834,177.4,24.00,24.00,,,12000.0,,,500.0,,,,,,10.50,10.50,10.50,41372.8,0.00,,L,62420.0,12.00,,,PRGUY,FRFOS,2026-01-25 08:00,-4,N,5,N,1.5,N,0.30,0.7,21.0,20.0,1038.0,8.00,,1038
2026-01-19 14:00,29° 49' N / 036° 24' W,Noon At Sea,25.00,361,14.44,14.68,-0.30,0.06,Y,250.0,,14.0,376.00,1832.10,698.8,,,468.3,,,,,,38.1,3.0,,,,,,,,,,,,,,,,,,,,,,,,,,,,,,,,,,,,,,,,,,,,,,,,,,,,,,,,,,,,,,,,,,,,,,,291.0,94.40,8477,179.8,25.00,,25.00,,,12500.0,,,500.0,,,,,10.50,10.50,10.50,41372.8,0.00,,L,62420.0,12.00,,,PRGUY,FRFOS,2026-01-25 02:00,-4,NE,4,NE,1.0,N,0.30,0.5,23.0,24.0,1038.0,9.00,,1038
2026-01-20 14:00,27° 49' N / 042° 28' W,Noon At Sea,24.00,346,14.40,14.68,-0.42,0.14,Y,250.0,,14.0,353.70,1486.50,641.4,,,468.3,,,,,,36.1,3.4,,,,17.9,17.9,,,,,,,,,,,,,,,,,,,,,,,,,,,,,,,,,,,,,,,,,,,,,,,,,,,,,,,,,,,,,,,,,,279.0,94.40,8470,177.6,24.00,,24.00,,,12000.0,,,500.0,,24.00,24.00,,10.50,10.50,10.50,41372.8,0.00,,L,62420.0,12.00,,,PRGUY,FRFOS,2026-01-25 02:00,-4,E,4,E,1.5,N,0.30,1.0,24.0,30.0,1037.0,8.00,,1037
2026-01-21 15:00,25° 44' N / 048° 40' W,Noon At Sea,25.00,356,14.25,14.74,-0.46,-0.03,Y,250.0,,14.0,368.40,1130.00,588.2,,,468.3,,,,,,38.1,3.4,,,,11.7,11.7,,,,,,,,,,,,,,,,,,,,,,,,,,,,,,,,,,,,,,,,,,,,,,,,,,,,,,,,,,,,,,,,,,288.0,93.50,8465,180.0,25.00,,25.00,,,12500.0,,,500.0,,25.00,25.00,,10.50,10.50,10.50,41372.8,0.00,,L,62420.0,12.00,,,PRGUY,FRFOS,2026-01-25 01:00,-4,E,4,E,1.5,N,0.30,1.0,25.0,24.0,1032.0,7.00,,1032
2026-01-22 15:00,23° 14' N / 054° 20' W,Noon At Sea,24.00,343,14.29,14.78,-0.55,0.06,Y,244.0,,14.0,352.70,787.30,537.9,,,468.3,,,,,,36.8,3.3,,,,10.2,10.2,,,,,,,,,,,,,,,,,,,,,,,,,,,,,,,,,,,,,,,,,,,,,,,,,,,,,,,,,,,,,,,,,,278.0,94.00,8470,181.0,24.00,,24.00,,,12000.0,,,500.0,,24.00,24.00,,10.50,10.50,10.50,41372.8,0.00,,L,62420.0,12.00,,,PRGUY,FRFOS,2026-01-25 01:00,-4,E,5,E,1.5,N,0.30,1.0,26.0,26.0,1027.0,8.00,,1027
2026-01-23 15:00,20° 43' N / 059° 47' W,Noon At Sea,24.00,339,14.12,14.66,-0.51,-0.03,Y,244.0,,14.0,353.10,448.00,497.9,,,468.3,,,,,,36.8,3.2,,,,,,,,,,,,,,,,,,,,,,,,,,,,,,,,,,,,,,,,,,,,,,,,,,,,,,,,,,,,,,,,,,,,,,,280.0,94.60,8460,181.2,24.00,24.00,,,12000.0,,,500.0,,,,,,10.50,10.50,10.50,41372.8,0.00,,L,62420.0,12.00,,,PRGUY,FRFOS,2026-01-25 00:00,-4,E,5,E,1.5,N,0.40,1.0,27.0,24.0,1027.0,7.00,,1027
2026-01-24 11:40,18° 17' N / 064° 11' W,Begin Fuel Change Over,20.67,290,14.03,14.11,-0.34,0.26,Y,,,,294.90,,462.7,,,468.3,,,,,,32.6,2.6,,,,,,,,,,,,,,,,,,,,,,,,,,,,,,,,,,,,,,,,,,,,,,,,,,,,,,,,,,,,,,,,,,,,,,,240.0,88.60,8175,192.9,20.67,20.67,2.48,,10335.0,1240.0,,500.0,500.0,,2.48,2.48,,10.50,10.50,10.50,41372.8,0.00,,L,62420.0,12.00,,,PRGUY,FRFOS,2026-01-25 00:00,-4,,,,,,,,,,,,,
2026-01-24 13:15,18° 06' N / 064° 31' W,End Fuel Change Over,1.58,22,13.75,13.60,-0.18,0.33,Y,,,,20.00,,462.3,,,466.5,,,,,,0.2,0.1,,,,0.1,,,,1.4,,0.3,,0.1,,,,,,,,,,,,,,,,,,,,,,,,,,,,,,,,,,,,,,,,,,,,,,,,,,,,,,,,,,,15.0,88.60,8175,123.9,1.58,1.58,0.19,,790.0,95.0,,500.0,500.0,,0.19,0.19,,10.50,10.50,10.50,41372.8,0.00,,L,62420.0,12.00,,,PRGUY,FRFOS,2026-01-25 00:00,-4,,,,,,,,,,,,,
2026-01-24 16:00,17° 56' N / 065° 07' W,Noon At Sea,2.75,36,13.18,13.22,-0.18,0.14,Y,260.0,,14.0,37.10,98.90,462.3,,,462.0,,,,,,,,,,,,,,,3.2,,0.4,,0.9,,,,,,,,,,,,,,,,,,,,,,,,,,,,,,,,,,,,,,,,,,,,,,,,,,,,,,,,,,,29.0,88.60,8175,142.3,2.75,2.75,0.33,,1375.0,165.0,,500.0,500.0,,0.33,0.33,,10.50,10.50,10.50,41372.8,0.00,,L,62420.0,12.00,,,PRGUY,FRFOS,2026-01-24 23:30,-4,E,4,E,1.0,N,0.30,0.5,28.0,28.0,1022.0,8.00,,1022
2026-01-24 23:00,GUAYANILLA,End Of Sea Passage,7.00,94,13.37,13.22,-0.12,0.27,Y,,,,97.70,,462.3,,,451.4,,,,,,,,,,,,,,,8.6,,1.1,,0.9,,,,,,,,,,,,,,,,,,,,,,,,,,,,,,,,,,,,,,,,,,,,,,,,,,,,,,,,,,,74.0,93.60,7605,161.6,7.00,7.00,2.00,,3500.0,1000.0,,500.0,500.0,,2.00,2.00,,10.50,10.50,10.50,41372.8,0.00,,L,62420.0,12.00,,,,FRFOS,2026-01-24 23:30,,E,4,E,0.7,N,0.20,0.3,28.0,25.0,1023.0,9.00,,1023
2026-01-25 02:12,GUAYANILLA,Arrival,3.20,7,2.22,,,,,,,,7.90,,462.3,,,450.0,,,,,,,,,,,,,,,0.6,,0.5,,0.3,,,,,,,,,,,,,,,,,,,,,,,,,,,,,,,,,,,,,,,,,,,,,,,,,,,,,,,,,,,6.0,42.70,2410,166.0,1.50,3.20,3.20,,1600.0,1280.0,,500.0,400.0,,3.20,3.20,,10.50,10.50,10.50,41372.8,0.00,,L,62420.0,12.00,,,,,2026-01-24 23:30,,,,,,,,,,,,,,
2026-01-25 16:00,GUAYANILLA,Noon In Port,13.80,,,,,,,,,,,,462.3,,,444.6,,,,,,,,,,,,,,,,,2.0,,3.4,,,,,,,,,,,,,,,,,,,,,,,,,,,,,,,,,,,,,,,,,,,,,,,,,,,,,,,,,,,,,,,,13.80,2.50,,6900.0,1250.0,,500.0,500.0,,8.80,8.80,,,,,,,,,,,,,,,,,E,4,N,0.0,N,0.30,0.0,29.0,28.0,1026.0,0.00,,1026
2026-01-26 16:00,GUAYANILLA,Noon In Port,24.00,,,,,,,,,,,,462.3,,,410.1,,,,,,,,,,,,,,,,,6.5,,28.0,,,,,,,,,,,,,,,,,,,,,,,,,,,,,,,,,,,,,,,,,,,,,,,,,,,,,,,,,,,,,,,,24.00,24.00,,12000.0,12000.0,,500.0,500.0,,24.00,24.00,,,,,,,,,,,,,,,,,E,4,N,0.0,N,0.20,0.0,28.0,29.0,1021.0,0.00,,1021
2026-01-26 23:12,GUAYANILLA,Departure,7.20,,,,,,,100.0,,12.5,,123.00,462.3,,,406.9,,,,,,,,,,,,,,,,,1.2,,2.0,,,,,,,,,,,,,,,,,,,,,,,,,,,,,,,,,,,,,,,,,,,,,,,,,,,,,,,,,,,,,,,,7.20,7.20,,3600.0,3600.0,,500.0,500.0,,7.20,7.20,,5.90,7.90,6.90,0.0,2.00,,,39482.0,,,,VILIB,,2026-01-27 09:00,-4,,,,,,,,,,,,,
2026-01-27 00:00,GUAYANILLA,Begin Of Sea Passage,0.80,6,7.62,,,,,100.0,,12.5,6.30,123.00,462.3,,,406.1,,,,,,,,,,,,,,,0.5,,0.2,,0.1,,,,,,,0.0,,,0.0,,,,,,0.0,,,,,,,,,,,,,,,,,,,,,,,,,,,,,,,,,,,,,,,,,,,4.0,60.00,3457,180.8,0.80,0.80,0.80,,400.0,400.0,,500.0,500.0,,0.80,0.80,,5.90,7.90,6.90,0.0,2.00,,B,39482.0,12.50,,,VILIB,,2026-01-27 09:00,-4,E,4,E,0.5,N,0.20,0.3,28.0,26.0,1021.0,8.00,,1021
2026-01-27 08:30,LIMETREE BAY,End Of Sea Passage,8.50,113,13.31,13.86,-0.27,-0.28,Y,,,,115.80,,462.3,,,394.1,,,,,,,,,,,,,,,10.8,,1.1,,0.1,,,,,,,10.8,,,1.1,,,,,,0.1,,,,,,,,,,,,,,,,,,,,,,,,,,,,,,,,,,,,,,,,,,,92.0,87.00,7520,169.0,8.50,8.50,,,4250.0,,,500.0,,,0.50,0.50,,5.90,7.90,6.90,0.0,2.00,,B,39482.0,12.50,,,,PRGUY,2026-01-27 09:00,,E,4,E,0.8,N,0.40,0.4,28.0,25.0,1025.0,8.00,,1025
2026-01-27 15:12,LIMETREE BAY,Arrival,6.70,26,3.85,,,,,,,,26.90,,462.3,,,391.5,,,,,,,,,,,,,,,0.9,,0.9,,0.8,,,,,,,,,,,,,,,,,,,,,,,,,,,,,,,,,,,,,,,,,,,,,,,,,,,,,,,,,,,15.0,45.70,2030,164.2,2.70,6.70,3.70,,3350.0,1850.0,,500.0,500.0,,3.70,3.70,,5.90,7.90,6.90,0.0,2.00,,B,39482.0,12.50,,,,,2026-01-27 09:00,,,,,,,,,,,,,,
2026-01-27 16:00,LIMETREE BAY,Noon In Port,0.80,,,,,,,,,,,,462.3,,,391.3,,,,,,,,,,,,,,,,,0.1,,0.1,,,,,,,,,,,,,,,,,,,,,,,,,,,,,,,,,,,,,,,,,,,,,,,,,,,,,,,,,,,,,,,,0.80,,,400.0,,,500.0,,,0.80,0.80,,,,,,,,,,,,,,,,,NE,2,N,0.0,N,0.10,0.0,28.0,30.0,1024.0,0.00,,1024
2026-01-28 16:00,LIMETREE BAY,Noon In Port,24.00,,,,,,,,,,,,462.3,,,384.5,,,,,,,,,,,,,,,,,4.0,,2.8,,,,,,,,,,,,,,,,,,,,,,,,,,,,,,,,,,,,,,,,,,,,,,,,,,,,,,,,,,,,,,,,24.00,16.00,,12000.0,8000.0,,500.0,500.0,,18.00,18.00,,,,,,,,,,,,,,,,,NE,3,N,0.0,N,0.10,0.0,28.0,30.0,1024.0,0.00,,1024
2026-01-29 16:00,LIMETREE BAY,Noon In Port,24.00,,,,,,,,,,,,462.3,,,375.9,,,,,,,,,,,,,,,,,4.2,,4.4,,,,,,,,,,,,,,,,,,,,,,,,,,,,,,,,,,,,,,,,,,,,,,,,,,,,,,,,,,,,,,,,24.00,18.00,,12000.0,9000.0,,500.0,500.0,,24.00,24.00,,,,,,,,,,,,,,,,,NE,3,N,0.0,N,0.10,0.0,28.0,28.0,1024.0,0.00,,1024
2026-01-29 17:42,LIMETREE BAY,Departure,1.70,,,,,,,242.0,,14.0,,1011.00,462.3,,,375.5,,,,,,,,,,,,,,,,,0.2,,0.2,,,,,,,,,,,,,,,,,,,,,,,,,,,,,,,,,,,,,,,,,,,,,,,,,,,,,,,,,,,,,,,,1.70,,,850.0,,,500.0,,,1.70,1.70,,9.00,9.70,9.35,34083.3,0.70,,,54925.0,14.00,,,PACTB,,2026-02-01 14:00,-5,,,,,,,,,,,,,
2026-01-29 18:30,LIMETREE BAY,Begin Of Sea Passage,0.80,6,7.50,,,,,242.0,,14.0,6.80,1011.00,462.3,,,374.6,,,,,,,,,,,,,,,0.7,,0.1,,0.1,,,,,,,0.0,,,0.0,,,,,,,,,,,,,,,,,,,,,,,,,,,,,,,,,,,,,,,,,,,,,,,,,5.0,63.10,4550,192.3,0.80,0.80,,,400.0,,,500.0,,,0.80,0.80,,9.00,9.70,9.35,34083.3,0.70,,L,54925.0,14.00,,,PACTB,,2026-02-01 14:00,-5,E,4,E,0.5,N,0.30,0.3,28.0,29.0,1024.0,9.00,,1024
2026-01-29 22:42,17° 08' N / 065° 44' W,Begin Fuel Change Over,4.20,62,14.87,14.62,-0.05,0.30,Y,,,,61.50,,462.3,,,367.9,,,,,,,,,,,,,,,6.2,,0.5,,,,,,,,,6.2,,,0.5,,,,,,,,,,,,,,,,,,,,,,,,,,,,,,,,,,,,,,,,,,,,,,,,,49.0,95.53,7894,187.0,4.20,4.20,,,2100.0,,,500.0,,,,,,9.00,9.70,9.35,34083.3,0.70,,L,54925.0,12.50,,,PACTB,VILIB,2026-02-01 14:00,-5,,,,,,,,,,,,,
2026-01-30 00:20,16° 58' N / 066° 04' W,End Fuel Change Over,1.63,22,13.29,13.04,-0.06,0.31,Y,,,,23.90,,460.5,,,367.1,,,,,,1.5,0.2,,,,0.1,,,,0.6,,0.1,,0.1,,,,,,,6.8,,,0.6,,,,,,,,,,,,,,,,,,,,,,,,,,,,,,,,,,,,,,,,,,,,,,,,,18.0,95.53,7894,163.2,1.63,1.63,,,815.0,,,500.0,,,,,,9.00,9.70,9.35,34083.3,0.70,,L,54925.0,12.50,,,PACTB,VILIB,2026-02-01 14:00,-5,,,,,,,,,,,,,
2026-01-30 16:00,15° 03' N / 069° 44' W,Noon At Sea,15.67,240,15.32,15.07,-0.10,0.35,Y,242.0,,14.0,239.50,686.70,435.0,,,367.1,,,,,,23.7,1.8,,,,,,,,,,,,,,,,,,,,,,,,,,,,,,,,,,,,,,,,,,,,,,,,,,,,,,,,,,,,,,,,,,,,,,,178.0,95.53,7894,191.6,15.67,15.67,,,7835.0,,,500.0,,,,,,9.00,9.70,9.35,34083.3,0.70,,L,54925.0,12.50,,,PACTB,VILIB,2026-02-01 14:00,-5,E,4,E,0.7,N,0.30,0.5,28.0,28.0,1022.0,8.00,,1022
2026-01-31 17:00,12° 06' N / 075° 22' W,Noon At Sea,25.00,374,14.97,14.56,-0.12,0.53,Y,242.0,,14.0,374.40,313.50,385.3,,,367.1,,,,,,36.3,3.3,,,,10.1,10.1,,,,,,,,,,,,,,,,,,,,,,,,,,,,,,,,,,,,,,,,,,,,,,,,,,,,,,,,,,,,,,,,,,284.0,95.50,8124,178.7,25.00,25.00,12.00,,12500.0,6000.0,,500.0,500.0,,24.00,24.00,,9.00,9.70,9.35,34083.3,0.70,,L,54925.0,12.50,,,PACTB,VILIB,2026-02-01 15:30,-5,NE,4,NE,0.8,N,0.30,0.4,28.0,28.0,1021.0,9.00,,1021
2026-02-01 14:00,09° 44' N / 079° 49' W,Begin Fuel Change Over,21.00,296,14.10,14.54,-0.37,-0.07,Y,,,,297.00,,341.2,,,367.1,,,,,,31.5,2.7,,,,9.9,9.9,,,,,,,,,,,,,,,,,,,,,,,,,,,,,,,,,,,,,,,,,,,,,,,,,,,,,,,,,,,,,,,,,,241.0,94.50,8125,184.6,21.00,21.00,2.84,,10500.0,1420.0,,500.0,500.0,,21.00,21.00,,9.00,9.70,9.35,34083.3,0.70,,L,54925.0,12.50,,,PACTB,VILIB,2026-02-01 15:30,-5,,,,,,,,,,,,,
2026-02-01 15:12,CRISTOBAL,End Of Sea Passage,1.20,16,13.26,14.07,-0.51,-0.30,Y,,,,13.50,,340.9,,,365.7,,,,,,0.1,0.1,,,,0.1,,,,0.8,,0.2,,0.4,,0.3,,,,,,,,,,,,,,,,,,,,,,,,,,,,,,,,,,,,,,,,,,,,,,,,,,,,,,,,,11.0,94.50,8125,92.3,1.20,1.20,0.16,,600.0,80.0,,500.0,500.0,,1.20,1.20,,9.00,9.70,9.35,34083.3,0.70,,L,54925.0,12.50,,,,VILIB,2026-02-01 15:30,,N,5,N,1.5,N,0.30,1.0,28.0,29.0,1023.0,8.00,,1023
2026-02-01 15:13,09° 31' N / 079° 53' W,End Fuel Change (Maneuvering),0.02,0,,,,,,,,,,,340.9,,,365.7,,,,,,,,,,,,,,,,,,,,,,,,,,,,,,,,,,,,,,,,,,,,,,,,,,,,,,,,,,,,,,,,,,,,,,,,,,,,,,,55.80,3050,,0.01,0.02,0.01,,10.0,3.0,,500.0,300.0,,0.02,0.02,,9.00,9.70,9.35,34083.3,0.70,,L,54925.0,12.50,,,HNSLO,,2026-02-01 15:30,-6,,,,,,,,,,,,,
2026-02-01 17:00,09° 28' N / 079° 55' W,Entering Canal,1.78,6,,,,,,,,,6.20,,340.9,,,364.3,,,,,,,,,,,,,,,0.4,,0.2,,0.8,,0.6,,,,,,,,,,,,,,,,,,,,,,,,,,,,,,,,,,,,,,,,,,,,,,,,,,,,,,,,,5.0,55.80,3050,93.0,1.41,1.78,1.53,,890.0,459.0,,500.0,300.0,,1.78,1.78,,9.00,9.70,9.35,34083.3,0.70,,L,54925.0,12.50,,,HNSLO,,2026-02-01 15:30,-6,,,,,,,,,,,,,
2026-02-02 04:00,08° 53' N / 079° 31' W,Leaving Canal,11.00,60,,,,,,270.0,,13.0,61.00,766.00,340.9,,,352.8,,,,,,,,,,,,,,,5.0,,1.5,,5.0,,4.0,,,,,,,,,,,,,,,,,,,,,,,,,,,,,,,,,,,,,,,,,,,,,,,,,,,,,,,,,50.0,55.80,3050,188.6,8.69,11.00,9.46,,5500.0,2838.0,,500.0,300.0,,11.00,11.00,,9.00,9.70,9.35,34083.3,0.70,,L,54925.0,13.00,,,PACTB,,2026-02-04 15:30,-5,,,,,,,,,,,,,
2026-02-02 04:01,08° 53' N / 079° 31' W,Destination Change (Maneuvering),0.02,0,,,,,,270.0,,13.0,,766.00,340.9,,,352.8,,,,,,,,,,,,,,,,,,,,,,,,,,,,,,,,,,,,,,,,,,,,,,,,,,,,,,,,,,,,,,,,,,,,,,,,,,,,,,,55.80,3050,,0.01,0.02,0.01,,10.0,3.0,,500.0,300.0,,0.02,0.02,,9.00,9.70,9.35,34083.3,0.70,,L,54925.0,12.50,,,HNSLO,,2026-02-04 16:30,-6,,,,,,,,,,,,,
2026-02-02 05:30,BALBOA,Begin Of Sea Passage,1.48,6,4.05,,,,,270.0,,13.0,7.00,766.00,340.9,,,351.0,,,,,,,,,,,,,,,0.4,,0.3,,1.1,,0.8,,,,,,,,,,,,,,,,,,,,,,,,,,,,,,,,,,,,,,,,,,,,,,,,,,,,,,,,,6.0,55.80,3050,112.1,1.17,1.48,1.28,,740.0,384.0,,500.0,300.0,,1.48,1.48,,9.00,9.00,9.00,34083.3,0.00,,L,54925.0,13.00,,,HNSLO,,2026-02-04 15:30,-6,N,4,N,1.0,N,0.30,0.8,28.0,26.0,1022.0,8.00,,1022
2026-02-02 05:31,08° 50' N / 079° 28' W,Begin Fuel Change Over,0.02,0,0.00,0.06,-0.03,-0.03,,,,,,,340.9,,,351.0,,,,,,,,,,,,,,,,,,,,,,,,,,,,,,,,,,,,,,,,,,,,,,,,,,,,,,,,,,,,,,,,,,,,,,,,,,,,,,,85.30,6148,,0.02,,0.02,,,10.0,,,500.0,,0.02,0.02,,9.00,9.00,9.00,34083.3,0.00,,L,54925.0,13.00,,,HNSLO,PABLB,2026-02-04 15:30,-6,,,,,,,,,,,,,
2026-02-02 06:30,08° 39' N / 079° 27' W,End Fuel Change Over,0.98,11,11.13,11.34,-0.04,-0.17,Y,,,,12.00,,340.1,,,350.4,,,,,,0.3,0.1,,,,0.4,0.4,,,0.3,,0.1,,0.2,,0.1,,,,,,,,,,,,,,,,,,,,,,,,,,,,,,,,,,,,,,,,,,,,,,,,,,,,,,,,,9.0,85.30,6148,99.6,0.98,,0.98,,,490.0,,,500.0,,0.98,0.98,,9.00,9.00,9.00,34083.3,0.00,,L,54925.0,13.00,,,HNSLO,PABLB,2026-02-04 15:30,-6,,,,,,,,,,,,,
2026-02-02 17:00,06° 58' N / 080° 39' W,Noon At Sea,10.50,146,13.89,13.08,-0.23,1.04,Y,270.0,,13.0,156.40,611.20,323.0,,,350.4,,,,,,11.4,1.3,,,,4.4,4.4,,,,,,,,,,,,,,,,,,,,,,,,,,,,,,,,,,,,,,,,,,,,,,,,,,,,,,,,,,,,,,,,,,106.0,85.30,6148,176.6,10.50,,10.50,,,5250.0,,,500.0,,10.50,10.50,,9.00,9.00,9.00,34083.3,0.00,,L,54925.0,13.00,,,HNSLO,PABLB,2026-02-04 15:30,-6,NE,6,NE,1.5,N,0.30,1.0,28.0,28.0,1022.0,8.00,,1022
2026-02-03 18:00,09° 45' N / 085° 51' W,Noon At Sea,25.00,363,14.54,14.83,-0.22,-0.07,Y,309.0,,13.0,372.50,248.70,268.6,,,350.4,,,,,,35.7,3.8,,,,14.9,14.9,,,,,,,,,,,,,,,,,,,,,,,,,,,,,,,,,,,,,,,,,,,,,,,,,,,,,,,,,,,,,,,,,,284.0,92.30,8377,170.5,25.00,25.00,5.00,,12500.0,2500.0,,500.0,500.0,,25.00,25.00,,9.00,9.00,9.00,34083.3,0.00,,L,54925.0,13.00,,,HNSLO,PABLB,2026-02-04 12:00,-6,NE,4,NE,1.0,N,0.30,0.8,27.0,28.0,1020.0,8.00,,1020
2026-02-04 12:00,SAN LORENZO,End Of Sea Passage,18.00,245,13.60,14.15,-0.18,-0.37,N,,,,257.00,,233.0,,,350.4,,,,,,23.2,2.4,,,,10.0,10.0,,,,,,,,,,,,,,,,,,,,,,,,,,,,,,,,,,,,,,,,,,,,,,,,,,,,,,,,,,,,,,,,,,197.0,88.80,6750,191.0,18.00,18.00,,,9000.0,,,500.0,,,18.00,18.00,,9.00,9.00,9.00,34083.3,0.00,,L,54925.0,13.00,,,,PABLB,2026-02-04 12:00,,N,2,N,0.0,N,0.10,0.1,26.0,26.0,1021.0,0.00,,1021
2026-02-04 13:18,13° 10' N / 087° 34' W,Drop Anchor,1.30,6,,,,,,,,,7.00,,231.6,,,350.4,,,,,,0.4,0.2,,,,0.8,0.6,,,,,,,,,,,,,,,,,,,,,,,,,,,,,,,,,,,,,,,,,,,,,,,,,,,,,,,,,,,,,,,,,,6.0,37.60,2060,194.2,1.00,1.30,1.30,,650.0,390.0,,500.0,300.0,,1.30,1.30,,9.00,9.00,9.00,34083.3,0.00,,L,54925.0,13.00,,,HNSLO,VILIB,2026-02-04 12:00,-6,N,2,N,0.0,N,0.10,0.1,26.0,26.0,1021.0,0.00,,1021
2026-02-04 18:00,13° 10' N / 087° 34' W,Noon Maneuvering,4.70,0,,,,,,,,,,1.70,228.8,,,350.4,,,,,,,0.6,,,,2.2,1.7,,,,,,,,,,,,,,,,,,,,,,,,,,,,,,,,,,,,,,,,,,,,,,,,,,,,,,,,,,,,,,,,,,,,,,,4.70,,,2350.0,,,500.0,,,4.70,4.70,,9.00,9.00,9.00,34083.3,0.00,,L,54925.0,13.00,,,HNSLO,VILIB,2026-02-04 21:00,-6,N,2,N,0.0,N,0.10,0.1,26.0,27.0,1021.0,0.00,,1021
2026-02-04 20:24,13° 10' N / 087° 34' W,Heave Anchor,2.40,0,,,,,,45.0,,4.0,,1.50,228.2,,,350.4,,,,,,,0.3,,,,0.3,,,,,,,,,,,,,,,,,,,,,,,,,,,,,,,,,,,,,,,,,,,,,,,,,,,,,,,,,,,,,,,,,,,,,,,,2.40,,,1200.0,,,500.0,,,1.00,1.00,,9.00,9.00,9.00,34083.3,0.00,,L,54925.0,13.00,,,HNSLO,VILIB,2026-02-04 21:00,-6,,,,,,,,,,,,,
2026-02-05 00:24,SAN LORENZO,Arrival,4.00,18,4.62,,,,,,,,18.90,,226.0,,,350.4,,,,,,1.0,0.6,,,,0.6,,,,,,,,,,,,,,,,,,,,,,,,,,,,,,,,,,,,,,,,,,,,,,,,,,,,,,,,,,,,,,,,,,,14.0,48.20,1960,170.1,3.00,4.00,4.00,,2000.0,1200.0,,500.0,300.0,,4.00,4.00,,9.00,9.00,9.00,34083.3,0.00,,L,54925.0,13.00,,,,VILIB,2026-02-04 21:00,,,,,,,,,,,,,,
2026-02-05 18:00,SAN LORENZO,Noon In Port,17.60,,,,,,,,,,,,207.3,,,350.4,,,,,,,3.9,,,,14.8,,,,,,,,,,,,,,,,,,,,,,,,,,,,,,,,,,,,,,,,,,,,,,,,,,,,,,,,,,,,,,,,,,,,,,,,17.60,10.00,,8800.0,5000.0,,500.0,500.0,,17.60,17.60,,,,,,,,,,,,,,HNSLO,,,SW,2,N,0.0,N,0.20,0.0,26.0,27.0,1021.0,0.00,,1021
2026-02-06 10:24,SAN LORENZO,Departure,16.40,,,,,,,270.0,,12.5,,520.00,186.4,,,350.4,,,,,,,4.2,,,,16.7,,,,,,,,,,,,,,,,,,,,,,,,,,,,,,,,,,,,,,,,,,,,,,,,,,,,,,,,,,,,,,,,,,,,,,,,16.40,14.00,,8200.0,7000.0,,500.0,500.0,,16.40,16.40,,6.00,8.00,7.00,0.0,2.00,,,40732.0,12.50,,,MXSCX,HNSLO,2026-02-08 06:00,-6,,,,,,,,,,,,,
2026-02-06 12:42,SAN LORENZO,Begin Of Sea Passage,2.30,18,7.78,,,,,270.0,,12.5,18.10,520.00,184.1,,,350.4,,,,,,1.1,0.6,,,,0.6,,,,,,,,,,,,,0.0,,,0.0,,,,,,0.0,,,,,,,,,,,,,,,,,,,,,,,,,,,,,,,,,,,,,,,,,,,,,14.0,55.50,2760,173.3,2.30,2.30,2.30,,1150.0,1150.0,,500.0,500.0,,2.30,2.30,,6.00,8.00,7.00,0.0,2.00,,B,40732.0,12.50,,,MXSCX,,2026-02-08 06:00,-6,W,2,N,0.0,N,0.20,0.1,26.0,28.0,1021.0,0.00,,1021
2026-02-06 13:00,13° 10' N / 087° 34' W,Drop Anchor (At Sea),0.30,1,3.13,3.13,0.00,0.00,Y,,,,1.80,,183.8,,,350.4,,,,,,0.1,0.1,,,,0.1,,,,,,,,,,,,,0.1,,,0.1,,,,,,0.1,,,,,,,,,,,,,,,,,,,,,,,,,,,,,,,,,,,,,,,,,,,,,1.0,48.20,1290,258.4,0.30,0.30,0.30,,180.0,180.0,,600.0,600.0,,0.30,0.30,,6.00,8.00,7.00,0.0,2.00,,B,40732.0,12.50,,,MXSCX,HNSLO,2026-02-08 06:00,-6,SW,3,SW,0.1,N,0.30,0.1,26.0,26.0,1021.0,9.00,,1021
2026-02-06 18:00,13° 10' N / 087° 34' W,Noon At Stoppage,5.00,0,0.00,0.00,0.00,0.00,Y,,,,,520.00,182.9,,,350.4,,,,,,,0.5,,,,0.4,,,,,,,,,,,,,,,,0.6,,,,,,0.5,,,,,,,,,,,,,,,,,,,,,,,,,,,,,,,,,,,,,,,,,,,,,,,,,,5.00,,,2500.0,,,500.0,,,3.00,3.00,,6.00,8.00,7.00,0.0,2.00,,B,40732.0,12.50,,,MXSCX,HNSLO,2026-02-08 06:00,-6,W,2,SW,0.1,N,0.20,0.1,26.0,30.0,1022.0,9.00,,1022
2026-02-07 18:00,13° 10' N / 087° 34' W,Noon At Stoppage,24.00,0,0.00,0.00,0.00,0.00,Y,,,,,520.00,176.9,,,350.4,,,,,,,3.0,,,,3.0,,,,,,,,,,,,,,,,3.6,,,,,,3.5,,,,,,,,,,,,,,,,,,,,,,,,,,,,,,,,,,,,,,,,,,,,,,,,,,24.00,,,12000.0,,,500.0,,,7.00,7.00,,6.00,8.00,7.00,0.0,2.00,,B,40732.0,12.50,,,MXSCX,HNSLO,2026-02-10 06:00,-6,N,3,N,0.2,N,0.20,0.1,25.0,27.0,1022.0,9.00,,1022
2026-02-08 18:00,13° 10' N / 087° 34' W,Noon At Stoppage,24.00,0,0.00,0.00,0.00,0.00,Y,,,,,520.00,171.2,,,350.4,,,,,,,2.7,,,,3.0,,,,,,,,,,,,,,,,6.3,,,,,,6.5,,,,,,,,,,,,,,,,,,,,,,,,,,,,,,,,,,,,,,,,,,,,,,,,,,24.00,,,12000.0,,,500.0,,,5.00,5.00,,6.00,8.00,7.00,0.0,2.00,,B,40732.0,12.50,,,MXSCX,HNSLO,2026-02-10 06:00,-6,N,3,N,0.3,N,0.30,0.1,25.0,28.0,1023.0,8.00,,1023
2026-02-09 18:00,13° 10' N / 087° 34' W,Noon At Stoppage,24.00,0,0.00,0.00,0.00,0.00,Y,,,,,520.00,165.5,,,350.4,,,,,,,3.0,,,,2.7,,,,,,,,,,,,,,,,9.3,,,,,,9.2,,,,,,,,,,,,,,,,,,,,,,,,,,,,,,,,,,,,,,,,,,,,,,,,,,24.00,,,12000.0,,,500.0,,,6.00,6.00,,6.00,8.00,7.00,0.0,2.00,,B,40732.0,12.50,,,MXSCX,HNSLO,2026-02-20 06:00,-6,NE,3,NE,0.2,N,0.30,0.1,25.0,28.0,1020.0,9.00,,1020
2026-02-10 18:00,13° 10' N / 087° 34' W,Noon At Stoppage,24.00,0,0.00,0.00,0.00,0.00,Y,,,,,520.00,159.4,,,350.4,,,,,,,3.1,,,,3.0,,,,,,,,,,,,,,,,12.4,,,,,,12.2,,,,,,,,,,,,,,,,,,,,,,,,,,,,,,,,,,,,,,,,,,,,,,,,,,24.00,,,12000.0,,,500.0,,,6.00,6.00,,6.00,8.00,7.00,0.0,2.00,,B,40732.0,12.50,,,MXSCX,HNSLO,2026-02-20 06:00,-6,NE,2,NE,0.1,N,0.20,0.1,25.0,30.0,1024.0,9.00,,1024
2026-02-11 18:00,13° 10' N / 087° 34' W,Noon At Stoppage,24.00,0,0.00,0.00,0.00,0.00,Y,,,,,520.00,153.5,,,350.4,,,,,,,3.0,,,,2.9,,,,,,,,,,,,,,,,15.4,,,,,,15.1,,,,,,,,,,,,,,,,,,,,,,,,,,,,,,,,,,,,,,,,,,,,,,,,,,24.00,,,12000.0,,,500.0,,,5.00,5.00,,6.00,8.00,7.00,0.0,2.00,,B,40732.0,12.50,,,MXSCX,HNSLO,2026-02-20 06:00,-6,N,2,N,0.2,N,0.20,0.1,25.0,28.0,1020.0,9.00,,1020
2026-02-12 18:00,13° 10' N / 087° 34' W,Noon At Stoppage,24.00,0,0.00,0.00,0.00,0.00,Y,,,,,520.00,147.6,,,350.4,,,,,,,3.0,,,,2.9,,,,,,,,,,,,,,,,18.4,,,,,,18.0,,,,,,,,,,,,,,,,,,,,,,,,,,,,,,,,,,,,,,,,,,,,,,,,,,24.00,,,12000.0,,,500.0,,,6.00,6.00,,6.00,8.00,7.00,0.0,2.00,,B,40732.0,12.50,,,MXSCX,HNSLO,2026-02-20 06:00,-6,NE,4,NE,0.3,N,0.30,0.2,26.0,29.0,1018.0,9.00,,1018
2026-02-13 18:00,13° 10' N / 087° 34' W,Noon At Stoppage,24.00,0,0.00,0.04,0.00,-0.04,Y,,,,,520.00,141.8,,,350.4,,,,,,,3.0,,,,2.8,,,,,,,,,,,,,,,,21.4,,,,,,20.8,,,,,,,,,,,,,,,,,,,,,,,,,,,,,,,,,,,,,,,,,,,,,,,,,,24.00,,,12000.0,,,500.0,,,5.00,5.00,,6.00,8.00,7.00,0.0,2.00,,B,40732.0,12.50,,,MXSCX,HNSLO,2026-02-20 06:00,-6,NE,3,NE,0.2,N,0.10,1.0,26.0,33.0,1017.0,9.00,,1017
2026-02-14 14:18,13° 10' N / 087° 34' W,Heave Anchor (At Sea),20.30,2,0.10,0.14,-0.01,-0.03,Y,270.0,,11.0,,512.00,136.9,,,350.4,,,,,,,2.5,,,,2.4,,,,,,,,,,,,,,,,23.9,,,,,,23.2,,,,,,,,,,,,,,,,,,,,,,,,,,,,,,,,,,,,,,,,,,,,,,,,,,20.30,,,10150.0,,,500.0,,,4.00,4.00,,6.00,8.00,7.00,0.0,2.00,,B,40732.0,12.50,,,MXSCX,HNSLO,2026-02-16 14:00,-6,,,,,,,,,,,,,
2026-02-14 18:00,12° 54' N / 088° 10' W,Noon At Sea,3.70,39,10.58,10.55,-0.08,0.11,Y,270.0,,11.0,39.10,473.50,133.2,,,350.4,,,,,,2.9,0.7,,,,0.1,,,,,,,,,,,,,,,,24.6,,,,,,23.3,,,,,,,,,,,,,,,,,,,,,,,,,,,,,,,,,,,,,,,,,,,,,37.0,70.00,3790,206.8,3.70,3.70,2.00,,1850.0,1000.0,,500.0,500.0,,0.50,0.50,,6.00,8.00,7.00,0.0,2.00,,B,40732.0,12.50,,,MXSCX,HNSLO,2026-02-16 14:00,-6,NE,4,NE,0.5,N,0.30,0.3,25.0,27.0,1018.0,8.00,,1018
2026-02-15 18:00,13° 48' N / 092° 08' W,Noon At Sea,24.00,237,9.86,11.00,-0.08,-1.06,Y,285.0,,11.0,271.60,233.40,113.5,,,350.4,,,,,,16.5,3.2,,,,,,,,,,,,,,,,,,,,27.8,,,,,,,,,,,,,,,,,,,,,,,,,,,,,,,,,,,,,,,,,,,,,,,,,,,212.0,70.30,3790,181.4,24.00,24.00,,,12000.0,,,500.0,,,,,,6.00,8.00,7.00,0.0,2.00,,B,40732.0,12.50,,,MXSCX,HNSLO,2026-02-16 15:30,-6,S,3,S,0.5,N,1.10,0.3,28.0,29.0,1019.0,8.00,,1019
2026-02-16 15:42,SALINA CRUZ,End Of Sea Passage,21.70,226,10.42,10.53,-0.17,0.06,Y,,,,227.60,,95.7,,,350.4,,,,,,14.9,2.9,,,,,,,,,,,,,,,,,,,,30.7,,,,,,,,,,,,,,,,,,,,,,,,,,,,,,,,,,,,,,,,,,,,,,,,,,,182.0,68.00,3790,181.2,21.70,21.70,,,10850.0,,,500.0,,,,,,6.00,8.00,7.00,0.0,2.00,,B,40732.0,12.50,,,,HNSLO,2026-02-16 15:30,,N,6,N,1.5,N,0.20,1.0,28.0,30.0,1019.0,7.00,,1019
2026-02-16 17:00,16° 06' N / 095° 07' W,Drop Anchor,1.30,6,,,,,,,,,6.10,,94.9,,,350.4,,,,,,0.4,0.3,,,,0.1,,,,,,,,,,,,,,,,,,,,,,,,,,,,,,,,,,,,,,,,,,,,,,,,,,,,,,,,,,,,,,,,,,,11.0,45.60,2020,198.0,1.00,1.30,1.30,,650.0,650.0,,500.0,500.0,,1.30,1.30,,6.00,8.00,7.00,0.0,2.00,,B,40732.0,12.50,,,MXSCX,HNSLO,2026-02-16 15:30,-6,N,6,N,1.5,N,0.20,1.0,28.0,30.0,1019.0,8.00,,1019
2026-02-16 18:00,16° 06' N / 095° 08' W,Noon Maneuvering,1.00,0,,,,,,,,,,3.00,94.7,,,350.4,,,,,,,0.1,,,,0.1,,,,,,,,,,,,,,,,,,,,,,,,,,,,,,,,,,,,,,,,,,,,,,,,,,,,,,,,,,,,,,,,,,,,,,,,1.00,,,500.0,,,500.0,,,1.00,1.00,,6.00,8.00,7.00,0.0,2.00,,B,40732.0,12.50,,,MXSCX,HNSLO,2026-02-26 12:30,-6,N,6,N,1.5,,,1.0,,30.0,,8.00,,
2026-02-17 18:00,16° 06' N / 095° 08' W,Noon Maneuvering,24.00,0,,,,,,,,,,3.00,89.0,,,350.4,,,,,,,2.9,,,,2.8,,,,,,,,,,,,,,,,,,,,,,,,,,,,,,,,,,,,,,,,,,,,,,,,,,,,,,,,,,,,,,,,,,,,,,,,24.00,,,12000.0,,,500.0,,,6.00,6.00,,6.00,8.00,7.00,0.0,2.00,,B,40732.0,12.50,,,MXSCX,HNSLO,2026-02-26 12:30,-6,N,5,N,1.0,N,0.20,5.0,28.0,29.0,1021.0,8.00,,1021
2026-02-18 13:18,16° 06' N / 095° 08' W,Heave Anchor,19.30,0,,,,,,270.0,,4.0,,2.00,84.5,,,350.4,,,,,,,2.4,,,,2.1,,,,,,,,,,,,,,,,,,,,,,,,,,,,,,,,,,,,,,,,,,,,,,,,,,,,,,,,,,,,,,,,,,,,,,,,19.30,,,9650.0,,,500.0,,,5.00,5.00,,6.00,8.00,7.00,0.0,2.00,,B,40732.0,12.50,,,MXSCX,HNSLO,2026-02-26 12:30,-6,,,,,,,,,,,,,
2026-02-18 16:36,16° 06' N / 095° 08' W,Drop Anchor,3.30,5,,,,,,,,,5.50,,82.8,,,350.4,,,,,,0.6,0.6,,,,0.5,,,,,,,,,,,,,,,,,,,,,,,,,,,,,,,,,,,,,,,,,,,,,,,,,,,,,,,,,,,,,,,,,,,29.0,42.50,2050,172.2,1.70,3.30,3.30,,1650.0,1650.0,,500.0,500.0,,3.30,3.30,,6.00,8.00,7.00,0.0,2.00,,B,40732.0,12.50,,,MXSCX,HNSLO,2026-02-26 12:30,-6,E,3,E,0.7,N,0.20,0.5,29.0,28.0,1020.0,8.00,,1020
2026-02-18 18:00,16° 06' N / 095° 08' W,Noon Maneuvering,1.40,0,,,,,,,,,,3.00,82.6,,,350.4,,,,,,,0.1,,,,0.1,,,,,,,,,,,,,,,,,,,,,,,,,,,,,,,,,,,,,,,,,,,,,,,,,,,,,,,,,,,,,,,,,,,,,,,,1.40,,,560.0,,,400.0,,,1.40,1.40,,6.00,8.00,7.00,0.0,2.00,,B,40732.0,12.50,,,MXSCX,HNSLO,2026-02-26 12:30,-6,E,3,E,0.7,N,0.30,0.5,29.0,28.0,1020.0,8.00,,1020
2026-02-19 18:00,16° 06' N / 095° 08' W,Noon Maneuvering,24.00,0,,,,,,,,,,3.00,76.9,,,350.4,,,,,,,2.9,,,,2.8,,,,,,,,,,,,,,,,,,,,,,,,,,,,,,,,,,,,,,,,,,,,,,,,,,,,,,,,,,,,,,,,,,,,,,,,24.00,,,12000.0,,,500.0,,,6.00,6.00,,6.00,8.00,7.00,0.0,2.00,,B,40732.0,12.50,,,MXSCX,HNSLO,2026-02-26 12:30,-6,SW,4,SW,0.8,N,0.30,0.5,29.0,31.0,1019.0,8.00,,1019
2026-02-20 18:00,16° 06' N / 095° 08' W,Noon Maneuvering,24.00,0,,,,,,,,,,3.00,71.1,,,350.4,,,,,,,3.0,,,,2.8,,,,,,,,,,,,,,,,,,,,,,,,,,,,,,,,,,,,,,,,,,,,,,,,,,,,,,,,,,,,,,,,,,,,,,,,24.00,,,12000.0,,,500.0,,,6.00,6.00,,6.00,8.00,7.00,0.0,2.00,,B,40732.0,12.50,,,MXSCX,HNSLO,2026-02-26 12:30,-6,S,5,S,1.2,N,0.20,0.8,29.0,30.0,1019.0,8.00,,1019
2026-02-21 18:00,16° 06' N / 095° 08' W,Noon Maneuvering,24.00,0,,,,,,,,,,3.00,65.5,,,350.4,,,,,,,2.9,,,,2.7,,,,,,,,,,,,,,,,,,,,,,,,,,,,,,,,,,,,,,,,,,,,,,,,,,,,,,,,,,,,,,,,,,,,,,,,24.00,,,12000.0,,,500.0,,,5.00,5.00,,6.00,8.00,7.00,0.0,2.00,,B,40732.0,12.50,,,MXSCX,HNSLO,2026-02-26 12:30,-6,S,4,S,0.7,N,0.20,0.5,28.0,29.0,1019.0,8.00,,1019
2026-02-22 13:54,16° 06' N / 095° 08' W,Heave Anchor,19.90,0,,,,,,270.0,,6.0,,9.00,60.8,,,350.4,,,,,,,2.4,,,,2.3,,,,,,,,,,,,,,,,,,,,,,,,,,,,,,,,,,,,,,,,,,,,,,,,,,,,,,,,,,,,,,,,,,,,,,,,19.90,,,9950.0,,,500.0,,,4.00,4.00,,6.00,8.00,7.00,0.0,2.00,,B,40732.0,12.50,,,MXSCX,HNSLO,2026-02-26 12:30,-6,,,,,,,,,,,,,
2026-02-22 15:24,16° 00' N / 095° 13' W,Begin Waiting/Drifting,1.50,9,,,,,,,,,9.20,,59.9,,,350.4,,,,,,0.5,0.3,,,,0.1,,,,,,,,,,,,,,,,,,,,,,,,,,,,,,,,,,,,,,,,,,,,,,,,,,,,,,,,,,,,,,,,,,,12.0,42.40,1915,174.1,1.50,1.50,1.50,,750.0,750.0,,500.0,500.0,,1.50,1.50,,6.00,8.00,7.00,0.0,2.00,,B,40732.0,12.50,,,MXSCX,HNSLO,2026-02-26 12:30,-6,N,7,N,2.0,N,0.50,1.5,28.0,28.0,1023.0,9.00,,1023
2026-02-22 18:00,15° 53' N / 095° 21' W,Noon Maneuvering,2.60,8,,,,,,,,,8.00,12.00,59.4,,,350.4,,,,,,,0.3,,,,0.2,,,,,,,,,,,,,,,,,,,,,,,,,,,,,,,,,,,,,,,,,,,,,,,,,,,,,,,,,,,,,,,,,,,,,,,,2.60,,,1300.0,,,500.0,,,2.60,2.60,,6.00,8.00,7.00,0.0,2.00,,B,40732.0,12.50,,,MXSCX,HNSLO,2026-02-26 12:30,-6,N,7,N,1.5,N,0.30,1.9,28.0,30.0,1023.0,10.00,,1023
2026-02-23 18:00,15° 39' N / 095° 52' W,Noon Maneuvering,24.00,90,,,,,,,,,61.20,46.50,51.2,,,350.4,,,,,,2.6,3.1,,,,2.5,,,,,,,,,,,,,,,,,,,,,,,,,,,,,,,,,,,,,,,,,,,,,,,,,,,,,,,,,,,,,,,,,,,114.0,62.60,3500,200.8,3.70,24.00,,,12000.0,,,500.0,,,6.00,6.00,,6.00,8.00,7.00,0.0,2.00,,B,40732.0,12.50,,,MXSCX,HNSLO,2026-02-26 12:30,-6,NE,6,NE,1.0,N,0.40,1.3,28.0,28.0,1020.0,10.00,,1020
2026-02-24 18:00,15° 39' N / 096° 00' W,Noon Maneuvering,24.00,73,,,,,,,,,54.30,62.40,43.5,,,350.4,,,,,,2.1,3.1,,,,2.5,,,,,,,,,,,,,,,,,,,,,,,,,,,,,,,,,,,,,,,,,,,,,,,,,,,,,,,,,,,,,,,,,,,115.0,47.90,1815,178.0,6.50,24.00,,,12000.0,,,500.0,,,8.00,8.00,,6.00,8.00,7.00,0.0,2.00,,B,40732.0,12.50,,,MXSCX,HNSLO,2026-02-26 12:30,-6,N,6,N,1.1,N,0.20,1.0,28.0,28.0,1021.0,8.00,,1021
2026-02-24 18:01,15° 39' N / 096° 00' W,End Waiting/Drifting,0.02,0,,,,,,71.0,,6.0,0.10,62.40,43.5,,,350.4,,,,,,0.0,0.0,,,,0.0,,,,,,,,,,,,,,,,,,,,,,,,,,,,,,,,,,,,,,,,,,,,,,,,,,,,,,,,,,,,,,,,,,,0.2,47.30,2200,159.1,0.02,0.02,,,10.0,,,500.0,,,0.02,0.02,,6.00,8.00,7.00,0.0,2.00,,B,40732.0,12.50,,,MXSCX,HNSLO,2026-02-26 12:30,-6,,,,,,,,,,,,,
2026-02-25 04:30,16° 06' N / 095° 08' W,Drop Anchor,10.48,60,,,,,,,,,60.00,,36.8,,,350.4,,,,,,4.3,1.4,,,,1.0,,,,,,,,,,,,,,,,,,,,,,,,,,,,,,,,,,,,,,,,,,,,,,,,,,,,,,,,,,,,,,,,,,,99.8,47.30,2200,186.2,10.48,10.48,,,5240.0,,,500.0,,,10.48,10.48,,6.00,8.00,7.00,0.0,2.00,,B,40732.0,12.50,,,MXSCX,HNSLO,2026-02-26 12:30,-6,N,6,N,0.8,N,0.20,0.7,28.0,27.0,1020.0,9.00,,1020
2026-02-25 18:00,16° 06' N / 095° 08' W,Noon Maneuvering,13.50,0,,,,,,,,,,3.00,33.7,,,350.4,,,,,,,1.7,,,,1.4,,,,,,,,,,,,,,,,,,,,,,,,,,,,,,,,,,,,,,,,,,,,,,,,,,,,,,,,,,,,,,,,,,,,,,,,13.50,,,6750.0,,,500.0,,,6.00,6.00,,6.00,8.00,7.00,0.0,2.00,,B,40732.0,12.50,,,MXSCX,HNSLO,2026-02-26 12:30,-6,NE,4,NE,0.4,N,0.30,0.2,20.0,25.0,1018.0,12.00,,1018
2026-02-26 18:00,16° 06' N / 095° 08' W,Noon Maneuvering,24.00,0,,,,,,,,,,3.00,27.9,,,350.4,,,,,,,3.0,,,,2.8,,,,,,,,,,,,,,,,,,,,,,,,,,,,,,,,,,,,,,,,,,,,,,,,,,,,,,,,,,,,,,,,,,,,,,,,24.00,,,12000.0,,,500.0,,,6.00,6.00,,6.00,8.00,7.00,0.0,2.00,,B,40732.0,12.50,,,MXSCX,HNSLO,2026-02-27 05:30,-6,SE,4,SE,0.3,N,0.30,0.2,21.0,27.0,1020.0,11.00,,1020
2026-02-27 03:30,16° 06' N / 095° 08' W,Heave Anchor,9.50,0,,,,,,320.0,,6.0,,3.00,25.9,,,350.4,,,,,,,1.1,,,,0.9,,,,,,,,,,,,,,,,,,,,,,,,,,,,,,,,,,,,,,,,,,,,,,,,,,,,,,,,,,,,,,,,,,,,,,,,9.50,,,4750.0,,,500.0,,,5.00,5.00,,6.00,8.00,7.00,0.0,2.00,,B,40732.0,12.50,,,MXSCX,HNSLO,2026-02-27 04:36,-6,,,,,,,,,,,,,
2026-02-27 05:54,SALINA CRUZ,Arrival,2.40,5,2.12,,,,,,,,5.30,,24.9,,,350.4,,,,,,0.3,0.4,,,,0.3,,,,,,,,,,,,,,,,,,,,,,,,,,,,,,,,,,,,,,,,,,,,,,,,,,,,,,,,,,,,,,,,,,,12.0,42.10,1240,172.8,1.40,2.40,2.00,,1200.0,1000.0,,500.0,500.0,,2.40,2.40,,6.00,8.00,7.00,0.0,2.00,,B,40732.0,12.50,,,,HNSLO,2026-02-27 04:36,,,,,,,,,,,,,,
2026-02-27 18:00,SALINA CRUZ,Noon In Port,12.10,,,,,,,,,,,,22.0,,,350.4,,,,,,,1.8,,,,1.1,,,,,,,,,,,,,,,,,,,,,,,,,,,,,,,,,,,,,,,,,,,,,,,,,,,,,,,,,,,,,,,,,,,,,,,,12.10,,,6050.0,,,500.0,,,7.00,7.00,,,,,,,,,,,,,,MXSCX,,,N,4,N,0.2,N,0.10,0.1,23.0,29.0,1021.0,11.00,,1021
2026-02-28 18:00,SALINA CRUZ,Noon In Port,24.00,,,,,,,,,,,,22.0,,,342.7,,,,,,,,,,,,,,,,,5.2,,2.5,,,,,,,,,,,,,,,,,,,,,,,,,,,,,,,,,,,,,,,,,,,,,,,,,,,,,,,,,,,,,,,,24.00,18.00,,12000.0,9000.0,,500.0,500.0,,16.00,16.00,,,,,,,,,,,,,,MXSCX,,,N,3,N,0.1,N,0.00,0.1,25.0,29.0,1021.0,12.00,,1021
2026-03-01 09:54,SALINA CRUZ,Departure,15.90,,,,,,,130.0,,13.0,,1208.00,22.0,,,338.9,,,,,,,,,,,,,,,,,1.9,,1.9,,,,,,,,,,,,,,,,,,,,,,,,,,,,,,,,,,,,,,,,,,,,,,,,,,,,,,,,,,,,,,,,15.90,,,7950.0,,,500.0,,,8.00,8.00,,11.70,11.70,11.70,51403.7,0.00,,,70765.0,13.00,,,PABLB,MXSCX,2026-03-05 14:00,-5,,,,,,,,,,,,,
2026-03-01 10:36,SALINA CRUZ,Begin Of Sea Passage,0.70,6,8.00,,,,,130.0,,13.0,5.70,1205.00,21.7,,,338.5,,,,,,0.3,,,,,,,,,,,0.2,,0.2,,,,,0.0,,0.0,,,0.0,,,,,,,,,,,,,,,,,,,,,,,,,,,,,,,,,,,,,,,,,,,,,,,,,6.0,52.40,2020,212.2,0.70,0.70,0.70,,350.0,350.0,,500.0,500.0,,0.70,0.70,,11.70,11.70,11.70,51403.7,0.00,,L,70765.0,13.00,,,PABLB,,2026-03-05 14:00,-5,N,4,N,0.3,N,0.30,0.3,23.0,26.0,1018.0,11.00,,1018
2026-03-01 18:00,14° 58' N / 094° 10' W,Noon At Sea,7.40,93,12.57,12.49,-0.10,0.18,Y,130.0,,13.0,94.10,1113.00,21.5,,,328.9,,,,,,0.2,,,,,,,,,8.7,,0.9,,,,,,,0.2,,8.7,,,0.9,,,,,,,,,,,,,,,,,,,,,,,,,,,,,,,,,,,,,,,,,,,,,,,,,150.0,86.80,6950,173.0,7.40,7.40,,,3700.0,,,500.0,,,,,,11.70,11.70,11.70,51403.7,0.00,,L,70765.0,12.50,,,PABLB,MXSCX,2026-03-05 14:00,-5,NW,3,NW,0.4,N,0.20,0.3,25.0,29.0,1018.0,10.00,,1018
2026-03-02 17:00,12° 13' N / 090° 12' W,Noon At Sea,23.00,286,12.44,12.15,-0.11,0.40,Y,130.0,,13.0,293.60,827.80,21.5,,,297.7,,,,,,,,,,,,,,,28.5,,2.7,,,,,,,,,37.2,,,3.6,,,,,,,,,,,,,,,,,,,,,,,,,,,,,,,,,,,,,,,,,,,,,,,,,305.0,86.90,6950,178.3,23.00,23.00,,,11500.0,,,500.0,,,,,,11.70,11.70,11.70,51403.7,0.00,,L,70765.0,12.50,,,PABLB,MXSCX,2026-03-05 14:00,-5,E,5,E,0.7,N,0.20,0.5,28.0,29.0,1018.0,8.00,,1018
2026-03-03 17:00,09° 35' N / 086° 13' W,Noon At Sea,24.00,284,11.85,13.04,-0.27,-0.92,N,135.0,,13.0,300.70,550.00,21.5,,,262.9,,,,,,,,,,,,,,,32.0,,2.8,,,,,,,,,69.2,,,6.4,,,,,,,,,,,,,,,,,,,,,,,,,,,,,,,,,,,,,,,,,,,,,,,,,276.0,88.60,7087,188.1,24.00,24.00,,,12000.0,,,500.0,,,,,,11.70,11.70,11.70,51403.7,0.00,,L,70765.0,12.50,,,PABLB,MXSCX,2026-03-05 11:30,-5,NE,5,NE,0.8,N,0.50,0.5,25.0,28.0,1015.0,10.00,,1015
2026-03-04 17:00,06° 55' N / 081° 57' W,Noon At Sea,24.00,307,12.78,12.63,-0.19,0.34,Y,111.0,,13.0,323.90,246.00,21.5,,,224.4,,,,,,,,,,,,,,,35.6,,2.9,,,,,,,,,104.8,,,9.3,,,,,,,,,,,,,,,,,,,,,,,,,,,,,,,,,,,,,,,,,,,,,,,,,287.0,92.20,8024,184.9,24.00,,24.00,,,12000.0,,,500.0,,,,,11.70,11.70,11.70,51403.7,0.00,,L,70765.0,12.50,,,PABLB,MXSCX,2026-03-05 12:00,-5,SW,4,SW,0.5,N,0.40,0.4,26.0,28.0,1017.0,11.00,,1017
2026-03-05 13:30,BALBOA,End Of Sea Passage,20.50,239,11.68,12.69,-0.10,-0.91,Y,,,,268.60,,21.5,,,192.0,,,,,,,,,,,,,,,29.9,,2.5,,,,,,,,,134.7,,,11.8,,,,,,,,,,,,,,,,,,,,,,,,,,,,,,,,,,,,,,,,,,,,,,,,,234.0,89.80,7875,185.2,20.50,20.50,,,10250.0,,,500.0,,,,,,11.70,11.70,11.70,51403.7,0.00,,L,70765.0,12.50,,,,MXSCX,2026-03-05 12:00,,N,4,N,0.5,N,0.30,0.5,26.0,32.0,1016.0,11.00,,1016
2026-03-05 15:06,08° 50' N / 079° 30' W,Drop Anchor,1.60,8,,,,,,,,,9.70,,21.5,,,191.1,,,,,,,,,,,,,,,0.4,,0.3,,0.2,,,,,,,,,,,,,,,,,,,,,,,,,,,,,,,,,,,,,,,,,,,,,,,,,,,,,,,,,,,7.0,60.60,2175,183.9,1.00,1.60,1.60,,800.0,800.0,,500.0,500.0,,1.60,1.60,,11.70,11.70,11.70,51403.7,0.00,,L,70765.0,12.50,,,USFPO,MXSCX,2026-03-05 12:00,-5,SW,2,SW,0.3,N,0.30,0.2,26.0,32.0,1016.0,12.00,,1016
2026-03-05 17:00,08° 51' N / 079° 30' W,Noon Maneuvering,1.90,0,,,,,,,,,,70.00,21.5,,,190.7,,,,,,,,,,,,,,,,,0.2,,0.2,,,,,,,,,,,,,,,,,,,,,,,,,,,,,,,,,,,,,,,,,,,,,,,,,,,,,,,,,,,,,,,,1.90,,,950.0,,,500.0,,,1.90,1.90,,11.70,11.70,11.70,51403.7,0.00,,L,70765.0,12.50,,,PABLB,MXSCX,2026-03-11 13:00,-5,SW,2,SW,0.3,N,0.20,0.2,26.0,32.0,1016.0,11.00,,1016
2026-03-06 10:12,08° 51' N / 079° 30' W,Heave Anchor,17.20,0,,,,,,0.0,,13.0,,50.00,1166.4,,,534.4,,,,,,,,,,,,,,,,,2.4,,2.1,,,,,,,,,,,,,,,,,,,,,,,,,,,,,,,,,,,,,,,,,,,,,,,,,,,,,,,,,,,,,,,,17.20,,,8600.0,,,500.0,,,8.00,8.00,,11.70,11.70,11.70,51403.7,0.00,,L,70765.0,13.00,,,PABLB,MXSCX,2026-03-06 22:00,-5,,,,,,,,,,,,,
2026-03-06 11:00,08° 56' N / 079° 33' W,Entering Canal,0.80,6,,,,,,,,,6.10,,1166.4,,,533.0,,,,,,,,,,,,,,,1.0,,0.2,,0.2,,,,,,,,,,,,,,,,,,,,,,,,,,,,,,,,,,,,,,,,,,,,,,,,,,,,,,,,,,,10.0,61.70,3170,394.3,0.80,0.80,0.80,,400.0,320.0,,500.0,400.0,,0.80,0.80,,11.70,11.70,11.70,51403.7,0.00,,L,70765.0,13.00,,,USFPO,MXSCX,2026-03-06 22:00,-5,,,,,,,,,,,,,
2026-03-06 17:00,09° 11' N / 079° 50' W,Noon Maneuvering,6.00,51,,,,,,0.0,,13.0,51.80,27.80,1166.4,,,529.0,,,,,,,,,,,,,,,2.6,,0.8,,0.6,,,,,,,,,,,,,,,,,,,,,,,,,,,,,,,,,,,,,,,,,,,,,,,,,,,,,,,,,,,82.0,61.70,3170,136.7,6.00,6.00,6.00,,3000.0,2400.0,,500.0,400.0,,6.00,6.00,,11.70,11.70,11.70,51403.7,0.00,,L,70765.0,13.00,,,,MXSCX,2026-03-06 22:00,,N,4,N,0.0,N,0.10,0.1,28.0,32.0,1017.0,0.00,,1017
2026-03-06 20:12,09° 17' N / 079° 55' W,Leaving Canal,3.20,20,,,,,,0.0,,13.0,21.00,7.00,1166.4,,,526.4,,,,,,,,,,,,,,,2.0,,0.2,,0.4,,,,,,,,,,,,,,,,,,,,,,,,,,,,,,,,,,,,,,,,,,,,,,,,,,,,,,,,,,,45.0,56.90,4413,141.6,3.20,3.20,,,1600.0,,,500.0,,,3.20,3.20,,11.70,11.70,11.70,51403.7,0.00,,L,70765.0,13.00,,,PABLB,MXSCX,2026-03-06 22:00,-5,,,,,,,,,,,,,
2026-03-06 20:13,09° 17' N / 079° 55' W,Destination Change (Maneuvering),0.02,0,,,,,,0.0,,13.0,,1557.00,1166.4,,,526.4,,,,,,,,,,,,,,,,,,,,,,,,,,,,,,,,,,,,,,,,,,,,,,,,,,,,,,,,,,,,,,,,,,,,,,,,,,,,,,,56.90,4413,,0.02,0.02,,,10.0,,,500.0,,,0.02,0.02,,11.70,11.70,11.70,51403.7,0.00,,L,70765.0,13.00,,,USGLS,MXSCX,2026-03-11 18:00,-5,,,,,,,,,,,,,
2026-03-06 21:24,BALBOA,Begin Of Sea Passage,1.18,7,5.93,,,,,0.0,,13.0,7.10,1550.00,1166.4,,,524.9,,,,,,,,,,,,,,,1.2,,0.2,,0.1,,,,,0.0,,0.0,0.0,,0.0,,,,0.0,,0.0,,,,,,,,,,,,,,,,,,,,,,,,,,,,,,,,,,,,,,,,,,,20.0,56.90,4413,230.4,1.18,1.18,,,590.0,,,500.0,,,1.18,1.18,,11.70,11.70,11.70,51403.7,0.00,,L,70765.0,13.00,,,USGLS,,2026-03-11 18:00,-6,N,4,N,0.5,N,0.30,0.3,28.0,30.0,1016.0,8.00,,1016
2026-03-07 17:00,13° 19' N / 079° 42' W,Noon At Sea,19.60,235,12.01,12.60,-0.75,0.16,Y,5.0,,13.0,234.90,1316.00,1139.2,,,520.7,,,,,,25.0,2.1,,,,0.1,,,,3.7,,0.4,,0.1,,,,,25.0,,3.7,2.1,,0.4,,,,0.1,,0.1,,,,,,,,,,,,,,,,,,,,,,,,,,,,,,,,,,,,,,,,,,,259.0,90.10,6820,214.7,19.60,19.60,8.00,,9800.0,4000.0,,500.0,500.0,,3.00,3.00,,11.70,11.70,11.70,51403.7,0.00,,L,70765.0,13.00,,,USGLS,PABLB,2026-03-12 02:00,-6,NE,6,NE,2.0,N,0.20,1.5,28.0,29.0,1019.0,7.00,,1019
2026-03-08 17:00,17° 49' N / 081° 23' W,Noon At Sea,24.00,316,13.17,13.13,-0.46,0.50,Y,313.0,,13.0,312.00,1001.60,1100.4,,,520.7,,,,,,35.8,3.0,,,,,,,,,,,,,,,,,60.8,,,5.1,,,,,,,,,,,,,,,,,,,,,,,,,,,,,,,,,,,,,,,,,,,,,,,,,,,266.0,90.10,7875,189.4,24.00,24.00,,,12000.0,,,500.0,,,,,,11.70,11.70,11.70,51403.7,0.00,,L,70765.0,13.00,,,USGLS,PABLB,2026-03-12 01:00,-6,NE,4,NE,0.8,N,0.20,0.5,29.0,28.0,1018.0,10.00,,1018
2026-03-09 17:00,21° 16' N / 085° 15' W,Noon At Sea,24.00,303,12.62,12.76,-0.08,-0.06,Y,326.0,,13.0,323.60,699.80,1062.4,,,520.7,,,,,,35.0,3.0,,,,,,,,,,,,,,,,,95.8,,,8.1,,,,,,,,,,,,,,,,,,,,,,,,,,,,,,,,,,,,,,,,,,,,,,,,,,,266.0,89.90,7875,185.2,24.00,24.00,,,12000.0,,,500.0,,,,,,11.70,11.70,11.70,51403.7,0.00,,L,70765.0,13.00,,,USGLS,PABLB,2026-03-12 01:00,-6,E,4,E,0.5,N,0.30,0.4,28.0,30.0,1026.0,9.00,,1026
2026-03-10 17:00,24° 28' N / 089° 39' W,Noon At Sea,24.00,318,13.24,12.64,-0.05,0.65,Y,299.0,,13.0,314.30,383.00,1028.6,,,520.7,,,,,,30.9,2.9,,,,,,,,,,,,,,,,,126.7,,,11.0,,,,,,,,,,,,,,,,,,,,,,,,,,,,,,,,,,,,,,,,,,,,,,,,,,,259.0,87.50,7315,176.0,24.00,,24.00,,,12000.0,,,500.0,,,,,11.70,11.70,11.70,51403.7,0.00,,L,70765.0,13.00,,,USGLS,PABLB,2026-03-12 01:00,-6,E,4,E,0.4,N,0.30,0.4,28.0,30.0,1026.0,10.00,,1026
2026-03-11 08:48,25° 59' N / 092° 42' W,Begin Fuel Change Over,15.80,189,11.95,12.56,-0.06,-0.55,Y,,,,215.00,,1005.0,,,520.7,,,,,,21.6,2.0,,,,,,,,,,,,,,,,,148.3,,,13.0,,,,,,,,,,,,,,,,,,,,,,,,,,,,,,,,,,,,,,,,,,,,,,,,,,,170.0,89.90,7775,175.8,15.80,15.80,,,7900.0,,,500.0,,,,,,11.70,11.70,11.70,51403.7,0.00,,L,70765.0,13.00,,,USGLS,PABLB,2026-03-12 01:00,-6,,,,,,,,,,,,,
2026-03-11 10:24,26° 06' N / 092° 58' W,End Fuel Change Over,1.60,16,10.02,10.56,-0.11,-0.43,Y,,,,20.50,,1004.8,,,519.0,,,,,,0.1,0.1,,,,,,,,1.2,,0.3,,0.2,,,,,148.4,,,13.1,,,,,,,,,,,,,,,,,,,,,,,,,,,,,,,,,,,,,,,,,,,,,,,,,,,15.0,89.90,7775,104.5,1.60,1.60,,,800.0,,,500.0,,,,,,11.70,11.70,11.70,51403.7,0.00,,L,70765.0,13.00,,,USGLS,PABLB,2026-03-12 01:00,-6,,,,,,,,,,,,,
2026-03-11 17:00,27° 07' N / 093° 55' W,Noon At Sea,6.60,81,12.21,12.64,-0.19,-0.24,Y,322.0,,13.0,79.00,97.20,1004.8,,,508.7,,,,,,,,,,,,,,,9.5,,0.8,,,,,,,,,,,,,,,,,,,,,,,,,,,,,,,,,,,,,,,,,,,,,,,,,,,,,,,,,,,,,72.0,89.90,7775,185.1,6.60,6.60,,,3300.0,,,500.0,,,,,,11.70,11.70,11.70,51403.7,0.00,,L,70765.0,13.00,,,USGLS,PABLB,2026-03-12 01:00,-6,SE,4,SE,0.5,N,0.40,0.5,25.0,27.0,1027.0,9.00,,1027
2026-03-12 00:30,GALVESTON,End Of Sea Passage,7.50,94,12.48,12.74,-0.15,-0.11,Y,,,,107.00,,1004.8,,,496.5,,,,,,,,,,,,,,,11.2,,1.0,,,,,,,,,,,,,,,,,,,,,,,,,,,,,,,,,,,,,,,,,,,,,,,,,,,,,,,,,,,,,83.0,89.50,7795,191.6,7.50,7.50,,,3750.0,,,500.0,,,,,,11.70,11.70,11.70,51403.7,0.00,,L,70765.0,13.00,,,,PABLB,2026-03-12 01:00,,N,5,N,0.8,N,0.20,0.8,25.0,20.0,1024.0,8.00,,1024
2026-03-12 01:00,28° 34' N / 094° 15' W,Drop Anchor,0.50,4,,,,,,,,,4.20,,1004.8,,,496.1,,,,,,,,,,,,,,,0.2,,0.1,,0.1,,,,,,,,,,,,,,,,,,,,,,,,,,,,,,,,,,,,,,,,,,,,,,,,,,,,,,,,,,,4.0,46.10,2515,159.0,0.50,0.50,0.50,,250.0,250.0,,500.0,500.0,,0.50,0.50,,11.70,11.70,11.70,51403.7,0.00,,L,70765.0,13.00,,,USFPO,MXSCX,2026-03-12 01:00,-5,N,5,N,0.8,N,0.30,0.8,25.0,20.0,1024.0,8.00,,1024
2026-03-12 17:00,28° 34' N / 094° 15' W,Noon Maneuvering,16.00,0,,,,,,,,,,0.00,1004.8,,,492.4,,,,,,,,,,,,,,,,,2.0,,1.7,,,,,,,,,,,,,,,,,,,,,,,,,,,,,,,,,,,,,,,,,,,,,,,,,,,,,,,,,,,,,,,,16.00,,,8000.0,,,500.0,,,4.00,4.00,,11.70,11.70,11.70,51403.7,0.00,,L,70765.0,13.00,,,USGLS,MXSCX,2026-03-22 01:00,-5,N,6,N,1.0,N,0.20,0.9,25.0,15.0,1032.0,8.00,,1032
2026-03-13 17:00,28° 34' N / 094° 15' W,Noon Maneuvering,24.00,0,,,,,,,,,,0.00,1004.8,,,486.9,,,,,,,,,,,,,,,,,2.9,,2.6,,,,,,,,,,,,,,,,,,,,,,,,,,,,,,,,,,,,,,,,,,,,,,,,,,,,,,,,,,,,,,,,,24.00,,,12000.0,,,500.0,,5.00,5.00,,11.70,11.70,11.70,51403.7,0.00,,L,70765.0,13.00,,,USGLS,MXSCX,2026-03-22 01:00,-5,SE,4,N,0.0,N,0.10,0.3,21.0,22.0,1027.0,0.00,,1027
2026-03-14 17:00,28° 34' N / 094° 15' W,Noon Maneuvering,24.00,0,,,,,,,,,,0.00,1004.8,,,481.1,,,,,,,,,,,,,,,,,3.0,,2.8,,,,,,,,,,,,,,,,,,,,,,,,,,,,,,,,,,,,,,,,,,,,,,,,,,,,,,,,,,,,,,,,24.00,,,12000.0,,,500.0,,,6.00,6.00,,11.70,11.70,11.70,51403.7,0.00,,L,70765.0,13.00,,,USGLS,MXSCX,2026-03-22 01:00,-5,SW,3,N,0.0,N,0.10,0.2,21.0,24.0,1024.0,0.00,,1024
2026-03-15 17:00,28° 34' N / 094° 15' W,Noon Maneuvering,24.00,0,,,,,,,,,,0.00,1004.8,,,475.6,,,,,,,,,,,,,,,,,3.0,,2.5,,,,,,,,,,,,,,,,,,,,,,,,,,,,,,,,,,,,,,,,,,,,,,,,,,,,,,,,,,,,,,,,24.00,,,12000.0,,,500.0,,,6.00,6.00,,11.70,11.70,11.70,51403.7,0.00,,L,70765.0,13.00,,,USGLS,MXSCX,2026-03-22 01:00,-5,S,5,S,0.5,N,0.01,0.6,21.0,23.0,1015.0,9.00,,1015
2026-03-16 17:00,28° 34' N / 094° 15' W,Noon Maneuvering,24.00,0,,,,,,,,,,0.00,1004.8,,,470.1,,,,,,,,,,,,,,,,,3.0,,2.5,,,,,,,,,,,,,,,,,,,,,,,,,,,,,,,,,,,,,,,,,,,,,,,,,,,,,,,,,,,,,,,,24.00,,,12000.0,,,500.0,,,6.00,6.00,,11.70,11.70,11.70,51403.7,0.00,,L,70765.0,13.00,,,USGLS,MXSCX,2026-03-22 01:00,-5,N,7,N,2.5,N,0.10,2.5,20.0,13.0,1029.0,6.00,,1029
2026-03-17 17:00,28° 34' N / 094° 15' W,Noon Maneuvering,24.00,0,,,,,,,,,,0.00,1004.8,,,455.9,,,,,,,,,,,,,,,,,3.0,,11.2,,8.7,,,,,,,,,,,,,,,,,,,,,,,,,,,,,,,,,,,,,,,,,,,,,,,,,,,,,,,,,,,,,,24.00,,,12000.0,,,500.0,,,24.00,24.00,,11.70,11.70,11.70,51403.7,0.00,,L,70765.0,13.00,,,USGLS,MXSCX,2026-03-22 01:00,-5,N,5,N,0.6,N,0.10,0.5,20.0,12.0,1034.0,10.00,,1034
2026-03-18 17:00,28° 34' N / 094° 15' W,Noon Maneuvering,24.00,0,,,,,,,,,,0.00,1004.8,,,436.0,,,,,,,,,,,,,,,,,3.0,,16.9,,14.3,,,,,,,,,,,,,,,,,,,,,,,,,,,,,,,,,,,,,,,,,,,,,,,,,,,,,,,,,,,,,,24.00,,,12000.0,,,500.0,,,24.00,24.00,,11.70,11.70,11.70,51403.7,0.00,,L,70765.0,13.00,,,USGLS,MXSCX,2026-03-22 01:00,-5,SE,4,SE,0.3,N,0.10,0.2,20.0,13.0,1031.0,12.00,,1031
2026-03-19 17:00,28° 34' N / 094° 15' W,Noon Maneuvering,24.00,0,,,,,,,,,,0.00,1004.8,,,430.5,,,,,,,,,,,,,,,,,3.0,,2.5,,,,,,,,,,,,,,,,,,,,,,,,,,,,,,,,,,,,,,,,,,,,,,,,,,,,,,,,,,,,,,,,,24.00,,,12000.0,,,500.0,,6.00,6.00,,11.70,11.70,11.70,51403.7,0.00,,L,70765.0,13.00,,,USGLS,MXSCX,2026-03-22 01:00,-5,SE,3,SE,0.3,N,0.00,0.2,20.0,19.0,1030.0,12.00,,1030
2026-03-20 16:47,28° 34' N / 094° 15' W,Destination Change (Maneuvering),23.78,0,,,,,,246.0,,13.0,,60.00,1004.8,,,425.3,,,,,,,,,,,,,,,,,2.9,,2.3,,,,,,,,,,,,,,,,,,,,,,,,,,,,,,,,,,,,,,,,,,,,,,,,,,,,,,,,,,,,,,,,23.78,,,11890.0,,,500.0,,,5.00,5.00,,11.70,11.70,11.70,51403.7,0.00,,L,70765.0,13.00,,,USFPO,MXSCX,2026-03-20 23:00,-5,,,,,,,,,,,,,
2026-03-20 16:48,28° 34' N / 094° 15' W,Heave Anchor,0.02,0,,,,,,246.0,,13.0,,60.00,1004.8,,,425.2,,,,,,,,,,,,,,,0.0,,0.0,,0.0,,,,,,,,,,,,,,,,,,,,,,,,,,,,,,,,,,,,,,,,,,,,,,,,,,,,,,,,,,,0.2,,,,,0.02,,,10.0,,,500.0,,,0.00,0.00,,11.70,11.70,11.70,51403.7,0.00,,L,70765.0,13.00,,,USFPO,MXSCX,2026-03-20 23:00,-5,,,,,,,,,,,,,
2026-03-20 17:00,28° 34' N / 094° 15' W,Noon Maneuvering,0.20,2,,,,,,246.0,,13.0,2.10,57.00,1004.8,,,425.0,,,,,,,,,,,,,,,0.1,,0.1,,0.1,,,,,,,,,,,,,,,,,,,,,,,,,,,,,,,,,,,,,,,,,,,,,,,,,,,,,,,,,,,1.8,75.80,6025,76.4,0.20,0.20,,,100.0,,,500.0,,,0.20,0.20,,11.70,11.70,11.70,51403.7,0.00,,L,70765.0,13.00,,,,MXSCX,2026-03-20 23:00,,S,4,S,0.2,N,0.10,0.2,20.0,21.0,1028.0,12.00,,1028
2026-03-20 17:24,GALVESTON,Begin Of Sea Passage,0.40,5,11.50,,,,,246.0,,13.0,4.70,57.00,1004.8,,,424.8,,,,,,,,,,,,,,,0.1,,0.1,,,,,,,,,0.0,,,0.0,,,,,,,,,,,,,,,,,,,,,,,,,,,,,,,,,,,,,,,,,,,,,,,,,2.0,75.80,1625,153.8,0.40,0.40,0.40,,200.0,200.0,,500.0,500.0,,,,,11.70,11.70,11.70,51403.7,0.00,,L,70765.0,13.00,,,USFPO,,2026-03-20 23:00,-6,S,4,S,0.2,N,0.10,0.2,20.0,21.0,1028.0,12.00,,1028
2026-03-20 22:00,"FREEPORT, TEXAS",End Of Sea Passage,4.60,53,11.55,11.58,-0.02,-0.01,Y,,,,59.00,,1004.8,,,418.3,,,,,,,,,,,,,,,5.9,,0.6,,,,,,,,,5.9,,,0.6,,,,,,,,,,,,,,,,,,,,,,,,,,,,,,,,,,,,,,,,,,,,,,,,,87.0,82.90,6432,199.4,4.60,4.60,,,2300.0,,,500.0,,,,,,11.70,11.70,11.70,51403.7,0.00,,L,70765.0,13.00,,,,USGLS,2026-03-20 23:00,,S,4,S,0.2,N,0.10,0.2,20.0,20.0,1027.0,12.00,,1027
2026-03-20 23:30,28° 52' N / 095° 11' W,Drop Anchor,1.50,8,,,,,,,,,8.50,,1004.8,,,417.3,,,,,,,,,,,,,,,0.6,,0.3,,0.1,,,,,,,,,,,,,,,,,,,,,,,,,,,,,,,,,,,,,,,,,,,,,,,,,,,,,,,,,,,7.0,59.80,2754,217.9,1.00,1.50,1.50,,750.0,750.0,,500.0,500.0,,1.50,1.50,,11.70,11.70,11.70,51403.7,0.00,,L,70765.0,13.00,,,USFPO,MXSCX,2026-03-20 23:00,-5,S,4,S,0.2,N,0.10,0.2,20.0,20.0,1027.0,12.00,,1027
2026-03-21 17:00,28° 52' N / 095° 11' W,Noon Maneuvering,17.50,0,,,,,,,,,,2.00,1004.8,,,413.4,,,,,,,,,,,,,,,,,2.2,,1.7,,,,,,,,,,,,,,,,,,,,,,,,,,,,,,,,,,,,,,,,,,,,,,,,,,,,,,,,,,,,,,,,17.50,,,8750.0,,,500.0,,,4.00,4.00,,11.70,11.70,11.70,51403.7,0.00,,L,70765.0,13.00,,,USFPO,MXSCX,2026-03-25 16:00,-5,S,3,S,0.2,N,0.10,0.2,20.0,21.0,1024.0,12.00,,1024
2026-03-22 17:00,28° 52' N / 095° 11' W,Noon Maneuvering,24.00,0,,,,,,,,,,0.00,1004.8,,,407.9,,,,,,,,,,,,,,,,,3.0,,2.5,,,,,,,,,,,,,,,,,,,,,,,,,,,,,,,,,,,,,,,,,,,,,,,,,,,,,,,,,,,,,,,,24.00,,,12000.0,,,500.0,,,6.00,6.00,,11.70,11.70,11.70,51403.7,0.00,,L,70765.0,13.00,,,USFPO,MXSCX,2026-03-25 16:00,-5,S,4,S,0.2,N,0.20,0.2,20.0,22.0,1024.0,11.00,,1024
2026-03-23 17:00,28° 52' N / 095° 11' W,Noon Maneuvering,24.00,0,,,,,,,,,,0.00,1004.8,,,402.4,,,,,,,,,,,,,,,,,3.0,,2.5,,,,,,,,,,,,,,,,,,,,,,,,,,,,,,,,,,,,,,,,,,,,,,,,,,,,,,,,,,,,,,,,,24.00,,,12000.0,,,500.0,,5.00,5.00,,11.70,11.70,11.70,51403.7,0.00,,L,70765.0,13.00,,,USFPO,MXSCX,2026-03-25 16:00,-5,E,2,N,0.0,N,0.10,0.1,20.0,21.0,1026.0,0.00,,1026
2026-03-24 17:00,28° 52' N / 095° 11' W,Noon Maneuvering,24.00,0,,,,,,,,,,2.00,1004.8,,,385.1,,,,,,,,,,,,,,,,,3.0,,14.3,,11.8,,,,,,,,,,,,,,,,,,,,,,,,,,,,,,,,,,,,,,,,,,,,,,,,,,,,,,,,,,,,,,,24.00,,,12000.0,,,500.0,,24.00,24.00,,11.70,11.70,11.70,51403.7,0.00,,L,70765.0,13.00,,,USFPO,MXSCX,2026-03-25 16:00,-5,SE,4,SE,0.2,N,0.10,0.3,20.0,22.0,1025.0,11.00,,1025
2026-03-25 02:12,28° 52' N / 095° 11' W,Heave Anchor,9.20,0,,,,,,320.0,,10.0,,2.00,1004.8,,,381.1,,,,,,,,,,,,,,,,,1.1,,2.9,,2.0,,,,,,,,,,,,,,,,,,,,,,,,,,,,,,,,,,,,,,,,,,,,,,,,,,,,,,,,,,,,,,9.20,,,4600.0,,,500.0,,,9.20,9.20,,11.70,11.70,11.70,51403.7,0.00,,L,70765.0,13.00,,,USFPO,MXSCX,2026-03-25 02:45,-5,,,,,,,,,,,,,
2026-03-25 04:30,"FREEPORT, TEXAS",Arrival,2.30,12,5.43,,,,,,,,13.00,,1004.8,,,378.8,,,,,,,,,,,,,,,1.1,,0.4,,0.8,,0.6,,,,,,,,,,,,,,,,,,,,,,,,,,,,,,,,,,,,,,,,,,,,,,,,,,,,,,,,,28.0,58.80,2854,167.6,2.30,2.30,2.30,,1150.0,1150.0,,500.0,500.0,,2.30,2.30,,11.70,11.70,11.70,51403.7,0.00,,L,70765.0,13.00,,,,MXSCX,2026-03-25 02:45,,,,,,,,,,,,,,
2026-03-25 17:00,"FREEPORT, TEXAS",Noon In Port,12.50,,,,,,,,,,,,1004.8,,,366.7,,,,,,,,,,,,,,,,,2.5,,9.6,,2.5,,,,,,,,,,,,,,,,,,,,,,,,,,,,,,,,,,,,,,,,,,,,,,,,,,,,,,,,,,,,,,12.50,12.50,,6250.0,6250.0,,500.0,500.0,,12.50,12.50,,,,,,,,,,,,,,USFPO,,,SE,3,N,0.0,N,0.10,0.0,20.0,24.0,1024.0,0.00,,1024
2026-03-26 17:00,"FREEPORT, TEXAS",Noon In Port,24.00,,,,,,,,,,,,1004.8,,,331.2,,,,,,,,,,,,,,,,,5.8,,29.7,,,,,,,,,,,,,,,,,,,,,,,,,,,,,,,,,,,,,,,,,,,,,,,,,,,,,,,,,,,,,,,,24.00,24.00,,12000.0,12000.0,,500.0,500.0,,24.00,24.00,,,,,,,,,,,,,,USFPO,,,ESE,3,N,0.0,N,0.10,0.0,20.0,26.0,1024.0,0.00,,1024
2026-03-27 00:12,"FREEPORT, TEXAS",Departure,7.20,,,,,,,85.0,,13.0,,387.00,1004.8,,,325.4,,,,,,,,,,,,,,,,,1.8,,4.0,,,,,,,,,,,,,,,,,,,,,,,,,,,,,,,,,,,,,,,,,,,,,,,,,,,,,,,,,,,,,,,,7.20,7.20,,3600.0,3600.0,,500.0,500.0,,7.20,7.20,,6.00,8.00,7.00,0.0,2.00,,,39370.0,13.00,,,USGRY,USFPO,2026-03-28 04:30,-5,,,,,,,,,,,,,
2026-03-27 01:30,"FREEPORT, TEXAS",Begin Of Sea Passage,1.30,13,9.77,,,,,85.0,,13.0,12.80,374.30,1004.8,,,324.0,,,,,,,,,,,,,,,1.1,,0.2,,0.1,,,,,,,0.0,,,0.0,,,0.0,,,0.0,,,,,,,,,,,,,,,,,,,,,,,,,,,,,,,,,,,,,,,,,,,20.0,64.70,3570,237.0,1.30,1.30,1.30,,650.0,650.0,,500.0,500.0,,1.30,1.30,,6.00,8.00,7.00,0.0,2.00,,B,39370.0,13.00,,,USGRY,,2026-03-28 04:30,-6,S,3,S,0.2,N,0.20,0.2,20.0,20.0,1024.0,12.00,,1024
2026-03-27 17:00,27° 53' N / 091° 54' W,Noon At Sea,15.50,216,13.94,13.93,-0.08,0.09,Y,85.0,,13.0,216.40,157.90,1004.8,,,289.2,,,,,,,,,,,,,,,22.7,,3.1,,9.0,,,,6.9,,,22.7,,,3.1,,,6.9,,,9.0,,,,,,,,,,,,,,,,,,,,,,,,,,,,,,,,,,,,,,,,,,,200.0,92.00,8024,182.5,15.50,15.50,15.50,,7750.0,7750.0,,500.0,500.0,,15.50,15.50,,6.00,8.00,7.00,0.0,2.00,,B,39370.0,13.00,,,USGRY,USFPO,2026-03-28 04:30,-6,SE,2,NNE,0.2,N,0.20,0.2,24.0,24.0,1027.0,12.00,,1027
2026-03-28 04:24,GRAMERCY,End Of Sea Passage,11.40,156,13.67,13.67,-0.02,0.02,Y,,,,165.00,,1004.8,,,265.9,,,,,,,,,,,,,,,16.7,,1.9,,4.7,,,,3.5,,,39.4,,,5.0,,,10.4,,,13.7,,,,,,,,,,,,,,,,,,,,,,,,,,,,,,,,,,,,,,,,,,,127.0,90.30,7915,185.1,11.40,11.40,11.40,,5700.0,5700.0,,500.0,500.0,,11.40,11.40,,6.00,8.00,7.00,0.0,2.00,,B,39370.0,13.00,,,,USFPO,2026-03-28 04:30,,S,4,S,0.2,N,0.30,0.2,24.0,20.0,1027.0,11.00,,1027
2026-03-28 05:18,28° 52' N / 089° 20' W,Drop Anchor,0.90,7,,,,,,,,,6.80,,1004.8,,,265.3,,,,,,,,,,,,,,,0.3,,0.1,,0.2,,,,,,,,,,,,,,,,,,,,,,,,,,,,,,,,,,,,,,,,,,,,,,,,,,,,,,,,,,,7.0,62.40,2000,300.0,0.50,0.90,,,450.0,,,500.0,,,0.90,0.90,,6.00,8.00,7.00,0.0,2.00,,B,39370.0,13.00,,,USGRY,USFPO,2026-03-28 04:30,-5,S,4,S,0.2,N,0.20,0.2,24.0,19.0,1027.0,12.00,,1027
2026-03-28 10:18,28° 52' N / 089° 20' W,Heave Anchor,5.00,0,,,,,,270.0,,12.0,,4.00,1004.8,,,264.2,,,,,,,,,,,,,,,,,0.6,,0.5,,,,,,,,,,,,,,,,,,,,,,,,,,,,,,,,,,,,,,,,,,,,,,,,,,,,,,,,,,,,,,,,5.00,,,2500.0,,,500.0,,,4.00,4.00,,6.00,8.00,7.00,0.0,2.00,,B,39370.0,13.00,,,USGRY,USFPO,2026-03-28 10:54,-5,,,,,,,,,,,,,
2026-03-28 17:00,29° 35' N / 089° 50' W,Noon Maneuvering,6.70,86,,,,,,30.0,,12.0,88.20,119.00,1004.8,,,251.2,,,,,,,,,,,,,,,9.1,,1.2,,2.7,,,,2.1,,,,,,,,,,,,,,,,,,,,,,,,,,,,,,,,,,,,,,,,,,,,,,,,,,,,,,,123.0,87.50,7315,185.7,6.70,6.70,6.70,,3350.0,3350.0,,500.0,500.0,,6.70,6.70,,6.00,8.00,7.00,0.0,2.00,,B,39370.0,13.00,,,,USFPO,2026-03-28 10:54,,SW,3,N,0.0,N,0.80,0.1,22.0,22.0,1026.0,0.00,,1026
2026-03-29 04:06,GRAMERCY,Arrival,11.10,119,10.74,,,,,,,,120.00,,1004.8,,,235.0,,,,,,,,,,,,,,,11.8,,1.6,,2.8,,,,2.1,,,,,,,,,,,,,,,,,,,,,,,,,,,,,,,,,,,,,,,,,,,,,,,,,,,,,,,124.0,82.00,5895,180.3,11.10,11.10,,,5550.0,,,500.0,,,11.10,11.10,,5.40,8.60,7.00,0.0,3.20,,B,39370.0,13.00,,,,USFPO,2026-03-28 10:54,,,,,,,,,,,,,,
2026-03-29 17:00,GRAMERCY,Noon In Port,12.90,,,,,,,,,,,,1004.8,,,231.3,,,,,,,,,,,,,,,,,2.4,,1.3,,,,,,,,,,,,,,,,,,,,,,,,,,,,,,,,,,,,,,,,,,,,,,,,,,,,,,,,,,,,,,,,12.90,12.90,,6450.0,6450.0,,500.0,500.0,,12.90,12.90,,,,,,,,,,,,,,USGRY,,,E,3,N,0.0,N,0.30,0.0,17.0,24.0,1026.0,0.00,,1026
2026-03-30 06:18,GRAMERCY,Departure,13.30,,,,,,,180.0,,13.0,,1414.00,1004.8,,,227.9,,,,,,,,,,,,,,,,,2.1,,1.3,,,,,,,,,,,,,,,,,,,,,,,,,,,,,,,,,,,,,,,,,,,,,,,,,,,,,,,,,,,,,,,,13.30,13.30,,6650.0,5985.0,,500.0,450.0,,8.00,8.00,,13.70,13.70,13.70,65275.0,0.00,,,82935.0,13.00,,,DOPAL,USGRY,2026-04-04 10:00,-4,,,,,,,,,,,,,
2026-03-30 17:00,29° 21' N / 089° 25' W,Noon Maneuvering,10.70,126,,,,,,180.0,,12.0,130.00,1414.00,1004.8,,,213.5,,,,,,,,,,,,,,,12.8,,1.4,,0.2,,,,,,,,,,,,,,,,,,,,,,,,,,,,,,,,,,,,,,,,,,,,,,,,,,,,,,,,,,,129.0,79.50,7060,169.4,10.70,10.70,,,5350.0,,,500.0,,,1.00,1.00,,13.70,13.70,13.70,65275.0,0.00,,,82935.0,13.00,,,,USGRY,2026-04-04 10:00,,NE,4,NE,0.1,N,0.20,0.2,17.0,23.0,1030.0,12.00,,1030
2026-03-30 20:30,GRAMERCY,Begin Of Sea Passage,3.50,45,12.74,,,,,180.0,,13.0,48.00,1414.00,1004.8,,,212.2,,,,,,,,,,,,,,,0.9,,0.4,,,,,,,0.0,,0.0,0.0,,0.0,,,,0.0,,0.0,,,,,,,,,,,,,,,,,,,,,,,,,,,,,,,,,,,,,,,,,,,20.0,84.20,1490,172.6,3.50,3.50,,,1750.0,,,500.0,,,,,,13.70,13.70,13.70,65275.0,0.00,,L,82935.0,13.00,,,DOPAL,,2026-04-04 10:00,-4,S,4,S,0.3,N,0.30,0.3,17.0,22.0,1032.0,10.00,,1032
2026-03-31 17:00,25° 24' N / 087° 23' W,Noon At Sea,20.50,232,11.32,11.80,-0.25,-0.23,Y,151.0,,13.0,245.30,1174.60,1000.5,,,186.7,,,,,,3.7,0.4,,,,0.2,,,,23.3,,2.1,,0.1,,,,,3.7,,23.3,0.4,,2.1,,,,0.2,,0.1,,,,,,,,,,,,,,,,,,,,,,,,,,,,,,,,,,,,,,,,,,,235.0,86.80,7305,180.3,20.50,20.50,,,10250.0,,,500.0,,,3.00,3.00,,13.70,13.70,13.70,65275.0,0.00,,L,82935.0,13.00,,,DOPAL,USGRY,2026-04-04 11:30,-4,SSE,5,SSE,0.8,N,0.20,0.5,,27.0,1028.0,8.00,,1028
2026-04-01 17:00,21° 38' N / 085° 07' W,Noon At Sea,24.00,255,10.62,11.38,-0.25,-0.51,Y,115.0,,13.0,282.00,919.00,966.0,,,186.7,,,,,,31.6,2.9,,,,,,,,,,,,,,,,,35.3,,,3.3,,,,,,,,,,,,,,,,,,,,,,,,,,,,,,,,,,,,,,,,,,,,,,,,,,,258.0,87.30,7305,180.2,24.00,,24.00,,,12000.0,,,500.0,,,,,13.70,13.70,13.70,65275.0,0.00,,L,82935.0,13.00,,,DOPAL,USGRY,2026-04-04 16:00,-4,E,6,E,1.0,N,0.90,1.0,28.0,26.0,1025.0,8.00,,1025
2026-04-02 16:00,19° 49' N / 081° 05' W,Noon At Sea,23.00,250,10.87,11.37,-0.25,-0.25,Y,115.0,,13.0,260.40,666.60,933.1,,,186.7,,,,,,30.2,2.7,,,,,,,,,,,,,,,,,65.5,,,6.0,,,,,,,,,,,,,,,,,,,,,,,,,,,,,,,,,,,,,,,,,,,,,,,,,,,247.0,87.20,7305,179.8,23.00,23.00,,,11500.0,,,500.0,,,,,,13.70,13.70,13.70,65275.0,0.00,,L,82935.0,13.00,,,DOPAL,USGRY,2026-04-05 01:15,-4,E,5,E,1.0,N,0.80,1.0,28.0,26.0,1023.0,8.00,,1023
